Name,Bill_ID,Is_primary_sponsor
Earl Blumenauer,H.R. 1630,TRUE
Luke Messer,H.R. 1624,TRUE
Edward Ed Royce,H.R. 1625,TRUE
Charlie Crist,H.R. 1631,TRUE
Ra_l Grijalva,H.R. 1634,TRUE
Scott DesJarlais,H.R. 1632,TRUE
Bruce Poliquin,H.R. 1638,TRUE
John Shimkus,H.R. 1639,TRUE
Michael McCaul,H.R. 1626,TRUE
Rick Larsen,H.R. 1636,TRUE
Luke Messer,H.R. 1637,TRUE
Jack Bergman,H.R. 1627,TRUE
Alma Adams,H.R. 1629,TRUE
Blake Farenthold,H.R. 1633,TRUE
Ted Yoho,H.R. 1643,TRUE
Jimmy Panetta,H.Res. 212,TRUE
Maxine Waters,H.R. 1641,TRUE
Brett Guthrie,H.R. 1635,TRUE
Peter Welch,H.R. 1642,TRUE
Nydia Vel_azquez,H.R. 1640,TRUE
Zoe Lofgren,H.Res. 211,TRUE
Steny Hoyer,H.Con.Res. 36,TRUE
Lou Barletta,H.Con.Res. 35,TRUE
Matthew Cartwright,H.R. 1594,TRUE
Bradley Byrne,H.R. 1596,TRUE
Keith Rothfus,H.R. 1595,TRUE
Louie Gohmert,H.R. 1598,TRUE
Sam Johnson,H.R. 1599,TRUE
Roger Williams,H.R. 1593,TRUE
Karen Bass,H.R. 1604,TRUE
Buddy Carter,H.R. 1606,TRUE
Ted Poe,H.R. 1600,TRUE
Kyrsten Sinema,H.R. 1601,TRUE
Jamie Raskin,H.R. 1615,TRUE
Carolyn Maloney,H.R. 1611,TRUE
Raul Ruiz,H.R. 1619,TRUE
Raul Ruiz,H.R. 1620,TRUE
Raul Ruiz,H.R. 1622,TRUE
Raul Ruiz,H.R. 1618,TRUE
Raul Ruiz,H.R. 1621,TRUE
John Lewis,H.Con.Res. 34,TRUE
James ___Jim__ Langevin,H.R. 1609,TRUE
Michelle Lujan Grisham,H.R. 1610,TRUE
Tom Reed,H.R. 1617,TRUE
Carolyn Maloney,H.R. 1612,TRUE
David McKinley,H.R. 1613,TRUE
John Ratcliffe,H.R. 1616,TRUE
John Lewis,H.R. 1602,TRUE
Karen Bass,H.R. 1605,TRUE
Karen Bass,H.R. 1603,TRUE
Theodore Deutch,H.R. 1607,TRUE
William Keating,H.Res. 207,TRUE
Raul Ruiz,H.Res. 208,TRUE
Adriano Espaillat,H.R. 1608,TRUE
Mark Pocan,H.R. 1614,TRUE
Steve Russell,H.R. 1623,TRUE
David ___Dave__ Brat,H.R. 1597,TRUE
Buddy Carter,H.Res. 206,TRUE
Mark Pocan,H.R. 1562,TRUE
John Katko,H.R. 1563,TRUE
Richard Hudson,H.R. 1572,TRUE
Tom MacArthur,H.R. 1575,TRUE
Jaime Herrera Beutler,H.R. 1571,TRUE
Alcee Hastings,H.R. 1570,TRUE
Ben Luj__n,H.R. 1574,TRUE
Bill Huizenga,H.R. 1573,TRUE
Jack Bergman,H.R. 1564,TRUE
Garland ___Andy__ Barr,H.R. 1565,TRUE
Steve Knight,H.R. 1557,TRUE
James Sensenbrenner,H.R. 1559,TRUE
Paul Gosar,H.R. 1560,TRUE
Edward ___Ed__ Royce,H.R. 1558,TRUE
John ___Jimmy__ Duncan,H.R. 1568,TRUE
Bill Foster,H.R. 1569,TRUE
Henry Cuellar,H.R. 1567,TRUE
Donald Payne,H.R. 1578,TRUE
Mike Quigley,H.R. 1580,TRUE
Louise Slaughter,H.R. 1587,TRUE
Adam Schiff,H.R. 1584,TRUE
Jos_ Serrano,H.R. 1586,TRUE
Linda S__nchez,H.R. 1583,TRUE
Peter Welch,H.R. 1591,TRUE
Steve Russell,H.R. 1582,TRUE
David Schweikert,H.R. 1585,TRUE
Mike Thompson,H.R. 1589,TRUE
Scott Peters,H.R. 1579,TRUE
Raul Ruiz,H.R. 1581,TRUE
Ted Yoho,H.R. 1592,TRUE
Henry ___Hank__ Johnson,H.R. 1556,TRUE
Susan Davis,H.Res. 205,TRUE
Mike Quigley,H.Res. 203,TRUE
Earl Blumenauer,H.Res. 204,TRUE
Donald Beyer,H.R. 1566,TRUE
Nydia Vel__zquez,H.R. 1561,TRUE
John Delaney,H.Res. 202,TRUE
Jackie Speier,H.R. 1588,TRUE
Martha McSally,H.R. 1577,TRUE
Scott Taylor,H.Res. 200,TRUE
Ileana Ros-Lehtinen,H.Res. 201,TRUE
Norma Torres,H.R. 1590,TRUE
Doris Matsui,H.R. 1576,TRUE
Carol Shea-Porter,H.J.Res. 90,TRUE
Richard Blumenthal,S. 646,TRUE
Amy Klobuchar,S. 645,TRUE
Thad Cochran,S. 644,TRUE
Kirsten Gillibrand,S. 648,TRUE
Rand Paul,S. 642,TRUE
Cory Gardner,S. 634,TRUE
Richard Durbin,S. 640,TRUE
Patty Murray,S. 636,TRUE
Robert ___Rob__ Portman,S. 638,TRUE
Jeanne Shaheen,S. 635,TRUE
Ron Wyden,S. 637,TRUE
Chris Coons,S. 632,TRUE
Robert ___Rob__ Portman,S. 639,TRUE
Robert ___Rob__ Portman,S. 652,TRUE
James Risch,S. 655,TRUE
Roger Wicker,S. 657,TRUE
Patrick ___Pat__ Toomey,S. 654,TRUE
Richard Blumenthal,S. 647,TRUE
Richard Durbin,S. 641,TRUE
Richard Blumenthal,S. 662,TRUE
Alan ___Al__ Franken,S. 667,TRUE
Thomas Carper,S. 668,TRUE
John Thune,S. 663,TRUE
John Hoeven,S. 658,TRUE
Bill Cassidy,S. 665,TRUE
Cory Gardner,S. 660,TRUE
Tim Scott,S. 666,TRUE
Marco Rubio,S. 659,TRUE
Orrin Hatch,S. 664,TRUE
Tom Udall,S. 661,TRUE
Richard Durbin,S. 649,TRUE
Claire McCaskill,S. 651,TRUE
David Reichert,H.R. 1550,TRUE
Ann Kuster,H.R. 1545,TRUE
Martha McSally,H.R. 1547,TRUE
Tim Ryan,H.R. 1553,TRUE
David Loebsack,H.R. 1546,TRUE
Brett Guthrie,H.R. 1539,TRUE
Morgan Griffith,H.R. 1538,TRUE
Brian Fitzpatrick,H.R. 1536,TRUE
Lynn Jenkins,H.R. 1541,TRUE
Elizabeth Esty,H.R. 1535,TRUE
Bradley Byrne,H.R. 1532,TRUE
Debbie Dingell,H.R. 1534,TRUE
Tim Walberg,H.R. 1554,TRUE
Charles ___Chuck__ Grassley,S. 643,TRUE
Jeanne Shaheen,S. 630,TRUE
Mike Kelly,H.R. 1543,TRUE
Orrin Hatch,S. 653,TRUE
Chris Coons,S. 650,TRUE
Thomas Garrett,H.R. 1537,TRUE
Ed Perlmutter,H.R. 1549,TRUE
Bob Goodlatte,H.Con.Res. 33,TRUE
Timothy Kaine,S.Res. 87,TRUE
Timothy Kaine,S.Con.Res. 9,TRUE
Yvette Clarke,H.R. 1533,TRUE
Beto O'Rourke,H.R. 1548,TRUE
French Hill,H.R. 1540,TRUE
Dennis Ross,H.R. 1552,TRUE
Debbie Stabenow,S.Res. 88,TRUE
Tom Cotton,S. 656,TRUE
George Holding,H.Res. 199,TRUE
Tom Rice,H.R. 1551,TRUE
Tim Walberg,H.R. 1555,TRUE
Jim Banks,H.J.Res. 89,TRUE
Bill Johnson,H.R. 1542,TRUE
Adam Kinzinger,H.R. 1544,TRUE
Darrell Issa,H.R. 1530,TRUE
Earl Blumenauer,H.R. 1531,TRUE
Edward ___Ed__ Markey,S. 631,TRUE
Scott Tipton,H.R. 1528,TRUE
Marshall ___Mark__ Sanford,H.R. 1529,TRUE
Charles ___Chuck__ Grassley,S. 633,TRUE
Jeff Flake,S. 622,TRUE
Maria Cantwell,S. 624,TRUE
Charles ___Chuck__ Grassley,S. 616,TRUE
Jon Tester,S. 621,TRUE
Alan ___Al__ Franken,S. 620,TRUE
Maria Cantwell,S. 627,TRUE
Timothy Kaine,S. 628,TRUE
Dianne Feinstein,S. 629,TRUE
Christopher Murphy,S. 617,TRUE
Jon Tester,S. 619,TRUE
Robert ___Rob__ Portman,S. 626,TRUE
Marco Rubio,S. 623,TRUE
Jeanne Shaheen,S. 625,TRUE
Orrin Hatch,S. 618,TRUE
Mike Lee,S.J.Res. 38,TRUE
Elise Stefanik,H.Res. 195,TRUE
Bill Foster,H.Res. 196,TRUE
Ron Kind,H.R. 1519,TRUE
Derek Kilmer,H.R. 1518,TRUE
Madeleine Bordallo,H.R. 1514,TRUE
Luis Guti_rrez,H.R. 1527,TRUE
Rosa DeLauro,H.R. 1516,TRUE
Gregory Meeks,H.R. 1521,TRUE
Eleanor Norton,H.R. 1523,TRUE
Theodore Deutch,H.R. 1517,TRUE
Frank Pallone,H.R. 1524,TRUE
Sam Johnson,H.R. 1513,TRUE
Susan Davis,H.R. 1515,TRUE
Peter Welch,H.R. 1526,TRUE
Ron Kind,H.R. 1520,TRUE
Gregory Meeks,H.R. 1522,TRUE
Dianne Feinstein,S. 608,TRUE
Daniel Kildee,H.Res. 197,TRUE
Jeff Flake,S. 613,TRUE
Tom Udall,S. 607,TRUE
Jason Smith,H.R. 1525,TRUE
Jerry Moran,S. 609,TRUE
Kenny Marchant,H.R. 1512,TRUE
John ___Jack__ Reed,S. 610,TRUE
Jeff Flake,S. 614,TRUE
Jeff Flake,S. 612,TRUE
Steve Stivers,H.R. 1511,TRUE
Dianne Feinstein,S. 611,TRUE
Michael Bennet,S. 615,TRUE
Robert Latta,H.Res. 194,TRUE
David ___Dave__ Brat,H.Res. 190,TRUE
Jason Chaffetz,H.J.Res. 87,TRUE
Pramila Jayapal,H.Res. 192,TRUE
Adriano Espaillat,H.Res. 191,TRUE
James ___Jim__ McGovern,H.J.Res. 88,TRUE
Steve King,H.R. 1502,TRUE
Karen Bass,H.R. 1496,TRUE
Raja Krishnamoorthi,H.Res. 193,TRUE
Joseph ___Joe__ Crowley,H.R. 1500,TRUE
Beto O'Rourke,H.R. 1507,TRUE
Pete Sessions,H.R. 1492,TRUE
John Conyers,H.R. 1498,TRUE
David Rouzer,H.R. 1510,TRUE
Beto O'Rourke,H.R. 1506,TRUE
Beto O'Rourke,H.R. 1509,TRUE
Beto O'Rourke,H.R. 1505,TRUE
Rodney Davis,H.R. 1501,TRUE
Joe Courtney,H.R. 1499,TRUE
Mia Love,H.R. 1495,TRUE
Zoe Lofgren,H.R. 1503,TRUE
Doug LaMalfa,H.R. 1491,TRUE
Yvette Clarke,H.R. 1497,TRUE
Beto O'Rourke,H.R. 1508,TRUE
Jeff Denham,H.R. 1493,TRUE
Lamar Smith,H.R. 1494,TRUE
Sean Maloney,H.R. 1504,TRUE
John Garamendi,H.Res. 189,TRUE
Robert ___Bob__ Casey,S. 597,TRUE
Theodore Deutch,H.Res. 185,TRUE
Ted Cruz,S.J.Res. 37,TRUE
Ra__l Labrador,H.R. 1454,TRUE
Michael Bennet,S. 603,TRUE
Duncan Hunter,H.R. 1490,TRUE
Todd Rokita,H.R. 1444,TRUE
Suzanne Bonamici,H.R. 1455,TRUE
Kyrsten Sinema,H.R. 1484,TRUE
David McKinley,H.R. 1443,TRUE
Tom Reed,H.R. 1481,TRUE
John Moolenaar,H.R. 1476,TRUE
Chellie Pingree,H.R. 1480,TRUE
David Young,H.R. 1460,TRUE
Earl Blumenauer,H.R. 1458,TRUE
Tom Emmer,H.R. 1459,TRUE
Scott Tipton,H.R. 1457,TRUE
Carlos Curbelo,H.R. 1468,TRUE
Stephanie Murphy,H.R. 1478,TRUE
Eleanor Norton,H.R. 1479,TRUE
Matthew Cartwright,H.R. 1464,TRUE
Michael ___Mike__ Simpson,H.R. 1482,TRUE
Steve Cohen,H.R. 1467,TRUE
Warren Davidson,H.R. 1469,TRUE
Michael ___Mike__ Simpson,H.R. 1483,TRUE
James Risch,S. 590,TRUE
Scott Taylor,H.R. 1447,TRUE
Michael McCaul,H.Res. 188,TRUE
Katherine Clark,H.R. 1466,TRUE
Janice ___Jan__ Schakowsky,H.R. 1451,TRUE
Ted Poe,H.R. 1449,TRUE
James Himes,H.R. 1448,TRUE
Mike Coffman,H.R. 1445,TRUE
Michael Burgess,H.R. 1463,TRUE
Carolyn Maloney,H.R. 1474,TRUE
Christopher Murphy,S. 588,TRUE
Edward ___Ed__ Royce,H.R. 1456,TRUE
Bernard ___Bernie__ Sanders,S. 586,TRUE
Pat Roberts,S. 587,TRUE
Patty Murray,S. 591,TRUE
Andy Biggs,H.R. 1462,TRUE
Timothy Kaine,S. 592,TRUE
Angus King,S. 589,TRUE
Peter Visclosky,H.R. 1488,TRUE
Ruben Gallego,H.R. 1470,TRUE
Don Young,H.R. 1489,TRUE
Nydia Vel__zquez,H.R. 1446,TRUE
Darrell Issa,H.R. 1450,TRUE
Richard Durbin,S. 601,TRUE
Steve Daines,S. 605,TRUE
Elise Stefanik,H.R. 1485,TRUE
Hakeem Jeffries,H.Res. 184,TRUE
James ___Jim__ Langevin,H.R. 1472,TRUE
Karen Bass,H.Res. 187,TRUE
Bill Pascrell,H.Res. 186,TRUE
Henry ___Hank__ Johnson,H.R. 1453,TRUE
Norma Torres,H.R. 1487,TRUE
Gwen Moore,H.R. 1477,TRUE
Jeff Flake,S. 595,TRUE
Susan Collins,S. 602,TRUE
Stephen Lynch,H.R. 1442,TRUE
Bill Nelson,S. 606,TRUE
Orrin Hatch,S. 604,TRUE
Shelley Capito,S. 593,TRUE
Jodey Arrington,H.R. 1461,TRUE
John Cornyn,S. 594,TRUE
Bill Nelson,S.Res. 85,TRUE
Barbara Lee,H.R. 1473,TRUE
Carolyn Maloney,H.R. 1475,TRUE
Joaquin Castro,H.R. 1465,TRUE
Kirsten Gillibrand,S. 598,TRUE
Richard Durbin,S. 600,TRUE
Richard Blumenthal,S. 596,TRUE
Joe Donnelly,S. 599,TRUE
Bennie Thompson,H.R. 1486,TRUE
Glenn Grothman,H.R. 1471,TRUE
Earl Blumenauer,H.R. 1452,TRUE
Tom O'Halleran,H.Res. 183,TRUE
John Boozman,S.J.Res. 35,TRUE
John Boozman,S.J.Res. 36,TRUE
Luke Messer,H.R. 1429,TRUE
Salud Carbajal,H.R. 1433,TRUE
Peter DeFazio,H.R. 1420,TRUE
Doris Matsui,H.Res. 182,TRUE
Robert Pittenger,H.R. 1427,TRUE
Randy Hultgren,H.R. 1425,TRUE
Michael Turner,H.R. 1441,TRUE
Karen Bass,H.R. 1432,TRUE
Nydia Vel__zquez,H.R. 1423,TRUE
Dean Heller,S. 563,TRUE
Joe Manchin,S. 581,TRUE
Ben Luj__n,H.R. 1440,TRUE
Brenda Lawrence,H.Res. 179,TRUE
Dennis Ross,H.R. 1422,TRUE
Edward ___Ed__ Markey,S. 564,TRUE
Doug Collins,H.R. 1434,TRUE
Ben Luj__n,H.R. 1439,TRUE
James Lankford,S. 584,TRUE
Gary Peters,S. 573,TRUE
James Lankford,S. 580,TRUE
Richard Burr,S. 572,TRUE
James Sensenbrenner,H.R. 1424,TRUE
Keith Rothfus,H.R. 1426,TRUE
Ted Lieu,H.R. 1437,TRUE
Ro Khanna,H.Res. 178,TRUE
Luis Guti_rrez,H.R. 1435,TRUE
Will Hurd,H.R. 1428,TRUE
Deb Fischer,S. 565,TRUE
Maria Cantwell,S. 566,TRUE
John Thune,S. 570,TRUE
Cory Booker,S. 575,TRUE
Heidi Heitkamp,S. 567,TRUE
Edward ___Ed__ Markey,S. 574,TRUE
Maria Cantwell,S. 569,TRUE
James Lankford,S. 578,TRUE
James Lankford,S. 579,TRUE
Joe Courtney,H.R. 1421,TRUE
Sherrod Brown,S. 568,TRUE
David Perdue,S. 571,TRUE
James Lankford,S. 577,TRUE
John Cornyn,S. 583,TRUE
Jim Jordan,H.R. 1436,TRUE
Matt Gaetz,H.Res. 181,TRUE
Nita Lowey,H.R. 1438,TRUE
Dianne Feinstein,S. 557,TRUE
Dianne Feinstein,S. 556,TRUE
Dianne Feinstein,S. 561,TRUE
Dianne Feinstein,S. 559,TRUE
Dianne Feinstein,S. 560,TRUE
Dianne Feinstein,S. 562,TRUE
Dianne Feinstein,S. 558,TRUE
Dianne Feinstein,S. 555,TRUE
John Katko,H.R. 1386,TRUE
Virginia Foxx,H.R. 1385,TRUE
Ami Bera,H.R. 1392,TRUE
Tom O'Halleran,H.R. 1388,TRUE
Brad Sherman,H.R. 1414,TRUE
Gregg Harper,H.R. 1377,TRUE
Alcee Hastings,H.R. 1406,TRUE
Jenniffer Gonz__lez-Col__n,H.R. 1403,TRUE
Cedric Richmond,H.Res. 177,TRUE
Tulsi Gabbard,H.R. 1402,TRUE
Gerald Connolly,H.R. 1398,TRUE
Patrick ___Pat__ Tiberi,H.R. 1416,TRUE
Eric ___Rick__ Crawford,H.R. 1400,TRUE
Maria Cantwell,S. 548,TRUE
John ___Jack__ Reed,S. 536,TRUE
John Barrasso,S. 546,TRUE
Sherrod Brown,S. 552,TRUE
Jon Tester,S. 544,TRUE
Patrick Leahy,S. 550,TRUE
Mazie Hirono,S. 541,TRUE
Michael Burgess,H.R. 1395,TRUE
Debbie Stabenow,S. 538,TRUE
Ted Cruz,S. 539,TRUE
Sheldon Whitehouse,S. 542,TRUE
Suzan DelBene,H.R. 1380,TRUE
Barbara Lee,H.Res. 176,TRUE
John Thune,S. 540,TRUE
Katherine Clark,H.R. 1375,TRUE
Alan ___Al__ Franken,S. 537,TRUE
Martha McSally,H.R. 1410,TRUE
John McCain,S. 551,TRUE
Gregg Harper,H.R. 1378,TRUE
Tim Ryan,H.R. 1413,TRUE
Richard Durbin,S. 553,TRUE
Morgan Griffith,H.R. 1381,TRUE
Christopher ___Chris__ Smith,H.R. 1415,TRUE
Steven Palazzo,H.R. 1384,TRUE
Barbara Comstock,H.R. 1397,TRUE
Paul Cook,H.R. 1399,TRUE
David Cicilline,H.R. 1396,TRUE
Henry ___Hank__ Johnson,H.R. 1374,TRUE
Frank Pallone,H.R. 1411,TRUE
Randy Weber,H.R. 1382,TRUE
Don Young,H.R. 1417,TRUE
Ra__l Grijalva,H.R. 1404,TRUE
Jim Banks,H.R. 1390,TRUE
Darrell Issa,H.R. 1408,TRUE
Christopher Murphy,S. 549,TRUE
Lucille Roybal-Allard,H.R. 1412,TRUE
Don Bacon,H.R. 1383,TRUE
David Young,H.R. 1419,TRUE
Jim Banks,H.R. 1391,TRUE
Rand Paul,S. 545,TRUE
Susan Brooks,H.R. 1394,TRUE
Gus Bilirakis,H.R. 1389,TRUE
Carlos Curbelo,H.R. 1401,TRUE
Rand Paul,S. 554,TRUE
Don Young,H.R. 1418,TRUE
Leonard Lance,H.R. 1409,TRUE
Mike Bishop,H.R. 1393,TRUE
Ra__l Grijalva,H.R. 1405,TRUE
Elijah Cummings,H.R. 1376,TRUE
Duncan Hunter,H.R. 1407,TRUE
Jon Tester,S. 543,TRUE
Scott Peters,H.R. 1379,TRUE
Kirsten Gillibrand,S. 547,TRUE
Robert ___Bob__ Men_ndez,S.Res. 81,TRUE
Donald Payne,H.R. 1372,TRUE
Orrin Hatch,S.J.Res. 32,TRUE
Orrin Hatch,S.J.Res. 33,TRUE
Rand Paul,S. 531,TRUE
Bill Nelson,S. 533,TRUE
Earl Blumenauer,H.R. 1368,TRUE
John Boozman,S. 529,TRUE
Michael McCaul,H.R. 1370,TRUE
Tom Cole,H.R. 1369,TRUE
David Cicilline,H.Res. 172,TRUE
Jon Tester,S. 528,TRUE
Steve Womack,H.R. 1373,TRUE
Beto O'Rourke,H.R. 1371,TRUE
Rand Paul,S. 532,TRUE
Joe Manchin,S. 530,TRUE
Gwen Moore,H.Res. 171,TRUE
John Sarbanes,H.R. 1363,TRUE
Dianne Feinstein,S. 534,TRUE
John Thune,S. 535,TRUE
Kevin Cramer,H.R. 1336,TRUE
Kevin Cramer,H.R. 1337,TRUE
Paul Gosar,H.R. 1341,TRUE
Steve Daines,S.J.Res. 29,TRUE
Jerry McNerney,H.R. 1324,TRUE
Benjamin Sasse,S.J.Res. 26,TRUE
Robert ___Rob__ Portman,S. 489,TRUE
Suzanne Bonamici,H.R. 1332,TRUE
Steve Daines,S. 491,TRUE
David Schweikert,H.R. 1355,TRUE
Eliot Engel,H.R. 1340,TRUE
Yvette Clarke,H.R. 1335,TRUE
Bob Goodlatte,H.R. 1314,TRUE
Mike Thompson,H.Res. 164,TRUE
Ted Poe,H.R. 1305,TRUE
John Cornyn,S. 492,TRUE
Mark Amodei,H.Res. 166,TRUE
Steve Daines,S. 490,TRUE
Scott Perry,H.R. 1351,TRUE
Barry Loudermilk,H.R. 1347,TRUE
Elise Stefanik,H.Res. 170,TRUE
Marco Rubio,S. 493,TRUE
David Perdue,S.J.Res. 30,TRUE
James Renacci,H.R. 1352,TRUE
John Thune,S. 499,TRUE
John Barrasso,S. 512,TRUE
Derek Kilmer,H.R. 1344,TRUE
Mark Warner,S. 516,TRUE
Charles ___Chuck__ Grassley,S. 494,TRUE
Bennie Thompson,H.R. 1327,TRUE
Joe Wilson,H.Res. 165,TRUE
Pat Roberts,S.Con.Res. 7,TRUE
James ___Jim__ Inhofe,S.J.Res. 28,TRUE
Buddy Carter,H.R. 1333,TRUE
Anthony Brown,H.R. 1321,TRUE
Larry Bucshon,H.R. 1325,TRUE
David McKinley,H.R. 1300,TRUE
Chris Collins,H.R. 1323,TRUE
Joe Manchin,S. 511,TRUE
Adam Kinzinger,H.R. 1320,TRUE
Matthew Cartwright,H.Res. 167,TRUE
Mazie Hirono,S. 504,TRUE
Bill Cassidy,S. 505,TRUE
Jon Tester,S. 501,TRUE
Alan ___Al__ Franken,S. 502,TRUE
Kirsten Gillibrand,S. 519,TRUE
John Barrasso,S. 509,TRUE
Roger Wicker,S. 518,TRUE
Deb Fischer,S. 526,TRUE
Robert ___Bob__ Casey,S. 515,TRUE
Bernard ___Bernie__ Sanders,S. 495,TRUE
Ron Wyden,S. 508,TRUE
Bill Cassidy,S.J.Res. 27,TRUE
Sean Maloney,H.R. 1348,TRUE
Ron Wyden,S. 513,TRUE
Jon Tester,S. 507,TRUE
Ron Wyden,S. 503,TRUE
Roger Williams,H.R. 1360,TRUE
Richard Neal,H.Res. 169,TRUE
James ___Jim__ Langevin,H.R. 1345,TRUE
Todd Young,S.J.Res. 31,TRUE
Richard Blumenthal,S. 510,TRUE
Adrian Smith,H.R. 1311,TRUE
Roy Blunt,S. 527,TRUE
Judy Chu,H.R. 1322,TRUE
Deb Fischer,S. 517,TRUE
Bill Cassidy,S. 520,TRUE
Maria Cantwell,S. 497,TRUE
John ___Jimmy__ Duncan,H.R. 1339,TRUE
Bill Pascrell,H.R. 1303,TRUE
Darren Soto,H.R. 1310,TRUE
Jackie Speier,H.R. 1356,TRUE
Doug Collins,H.R. 1316,TRUE
Paul Tonko,H.R. 1358,TRUE
John Boozman,S. 524,TRUE
Benjamin Cardin,S.Con.Res. 8,TRUE
Jon Tester,S. 522,TRUE
Peter DeFazio,H.R. 1307,TRUE
Robert ___Bob__ Men_ndez,S.Res. 78,TRUE
Peter DeFazio,H.R. 1308,TRUE
Scott DesJarlais,H.R. 1338,TRUE
Jim Banks,H.R. 1331,TRUE
Peter DeFazio,H.R. 1306,TRUE
Mark Amodei,H.R. 1330,TRUE
Lee Zeldin,H.R. 1361,TRUE
Bob Goodlatte,H.R. 1315,TRUE
Mike Bost,H.R. 1328,TRUE
Richard Nolan,H.R. 1350,TRUE
Elise Stefanik,H.R. 1357,TRUE
Thomas Rooney,H.R. 1354,TRUE
Mike Bost,H.R. 1329,TRUE
Jackie Walorski,H.R. 1359,TRUE
Buddy Carter,H.R. 1334,TRUE
Tom McClintock,H.R. 1349,TRUE
David Perdue,S. 514,TRUE
Ron Wyden,S. 498,TRUE
Joe Manchin,S. 523,TRUE
Andy Harris,H.R. 1342,TRUE
Rodney Davis,H.Res. 168,TRUE
Jaime Herrera Beutler,H.R. 1318,TRUE
Kurt Schrader,H.R. 1326,TRUE
Virginia Foxx,H.R. 1313,TRUE
Sam Johnson,H.R. 1317,TRUE
David ___Phil__ Roe,H.R. 1304,TRUE
Henry ___Hank__ Johnson,H.R. 1299,TRUE
Kenny Marchant,H.R. 1319,TRUE
Daniel Lipinski,H.R. 1346,TRUE
Kirsten Gillibrand,S. 525,TRUE
John Thune,S. 506,TRUE
Jon Tester,S. 521,TRUE
David Cicilline,H.Res. 160,TRUE
Jeff Fortenberry,H.R. 1280,TRUE
Bill Posey,H.R. 1292,TRUE
Barbara Lee,H.R. 1289,TRUE
Bobby Rush,H.R. 1272,TRUE
Jason Lewis,H.J.Res. 84,TRUE
Brad Wenstrup,H.R. 1298,TRUE
Peter DeFazio,H.R. 1265,TRUE
Bill Johnson,H.R. 1271,TRUE
Jerrold Nadler,H.R. 1270,TRUE
Patrick ___Pat__ Tiberi,H.R. 1296,TRUE
Ron Kind,H.R. 1286,TRUE
Randy Hultgren,H.R. 1283,TRUE
Barbara Lee,H.R. 1290,TRUE
Marsha Blackburn,H.R. 1277,TRUE
Ann Kuster,H.R. 1288,TRUE
Tom Cotton,S. 478,TRUE
Lynn Jenkins,H.R. 1284,TRUE
Robert ___Rob__ Portman,S. 480,TRUE
Donald Payne,H.Res. 163,TRUE
Michael Crapo,S. 487,TRUE
Adrian Smith,H.R. 1268,TRUE
John Thune,S. 482,TRUE
Dan Newhouse,H.R. 1274,TRUE
Dan Newhouse,H.R. 1273,TRUE
Earl Blumenauer,H.R. 1266,TRUE
Elizabeth Esty,H.R. 1279,TRUE
Rodney Frelinghuysen,H.R. 1281,TRUE
Thomas Garrett,H.R. 1282,TRUE
Eleanor Norton,H.R. 1291,TRUE
Alma Adams,H.R. 1276,TRUE
Robert ___Rob__ Portman,S.Res. 75,TRUE
Marcia Fudge,H.Res. 161,TRUE
Michael Bennet,S. 481,TRUE
Robert ___Bob__ Casey,S. 486,TRUE
Patty Murray,S. 483,TRUE
Jeff Flake,S. 485,TRUE
Sherrod Brown,S. 479,TRUE
Jeff Fortenberry,H.Con.Res. 32,TRUE
Raja Krishnamoorthi,H.R. 1287,TRUE
Mike Gallagher,H.J.Res. 85,TRUE
Adriano Espaillat,H.R. 1278,TRUE
Jared Huffman,H.Res. 162,TRUE
Albio Sires,H.R. 1295,TRUE
Derek Kilmer,H.R. 1285,TRUE
Jason Smith,H.R. 1267,TRUE
Pete Sessions,H.R. 1275,TRUE
Doug LaMalfa,H.R. 1269,TRUE
Gregory Meeks,H.Res. 159,TRUE
John McCain,S.Res. 71,TRUE
Trent Kelly,H.Con.Res. 30,TRUE
Gary Peters,S.Res. 72,TRUE
John Conyers,H.Res. 158,TRUE
Patrick ___Pat__ Tiberi,H.R. 1262,TRUE
Jos_ Serrano,H.R. 1260,TRUE
Peter ___Pete__ King,H.Con.Res. 31,TRUE
Scott Perry,H.R. 1258,TRUE
Charles ___Chuck__ Fleischmann,H.R. 1250,TRUE
Andr_ Carson,H.Res. 157,TRUE
Jon Tester,S. 471,TRUE
Robert ___Bob__ Casey,S. 470,TRUE
Tom Udall,S. 475,TRUE
Marco Rubio,S. 476,TRUE
Bernard ___Bernie__ Sanders,S. 469,TRUE
Edward ___Ed__ Markey,S. 464,TRUE
Ben Luj__n,H.R. 1255,TRUE
John Cornyn,S. 463,TRUE
Roger Williams,H.R. 1264,TRUE
Lamar Alexander,S.J.Res. 25,TRUE
Mac Thornberry,H.R. 1261,TRUE
Elijah Cummings,H.R. 1245,TRUE
Peter ___Pete__ King,H.R. 1244,TRUE
Jerry Moran,S. 472,TRUE
Daniel Donovan,H.R. 1247,TRUE
Richard Durbin,S. 477,TRUE
Tom MacArthur,H.R. 1256,TRUE
Lindsey Graham,S. 474,TRUE
Jeff Flake,S. 468,TRUE
Mike Rounds,S. 465,TRUE
Jeff Flake,S. 467,TRUE
Jeff Flake,S. 466,TRUE
Frank LoBiondo,H.R. 1254,TRUE
Doug LaMalfa,H.R. 1241,TRUE
Carlos Curbelo,H.R. 1246,TRUE
Jon Tester,S. 473,TRUE
Adriano Espaillat,H.R. 1248,TRUE
Peter Welch,H.R. 1263,TRUE
David Price,H.R. 1239,TRUE
Henry ___Hank__ Johnson,H.R. 1243,TRUE
Robert ___Bobby__ Scott,H.R. 1242,TRUE
John Garamendi,H.R. 1240,TRUE
John Garamendi,H.R. 1251,TRUE
Derek Kilmer,H.R. 1253,TRUE
Mazie Hirono,S. 460,TRUE
Jeff Fortenberry,H.R. 1221,TRUE
Patrick Meehan,H.R. 1234,TRUE
Mazie Hirono,S.Res. 70,TRUE
Gerald Connolly,H.R. 1225,TRUE
Jerry McNerney,H.R. 1233,TRUE
Gus Bilirakis,H.R. 1222,TRUE
Barbara Lee,H.R. 1229,TRUE
Barbara Lee,H.R. 1230,TRUE
Robert ___Bob__ Casey,S. 443,TRUE
Al Green,H.Res. 153,TRUE
Orrin Hatch,S.J.Res. 24,TRUE
Tim Ryan,H.R. 1237,TRUE
John Lewis,H.Res. 155,TRUE
Edward ___Ed__ Markey,S. 449,TRUE
Joe Manchin,S. 450,TRUE
Jon Tester,S. 458,TRUE
Michael McCaul,H.R. 1231,TRUE
Michael Bennet,S. 456,TRUE
Joseph Kennedy,H.Res. 154,TRUE
John Cornyn,S. 446,TRUE
Jeff Flake,S. 452,TRUE
Jon Tester,S. 455,TRUE
Jeff Flake,S. 454,TRUE
Jeff Flake,S. 453,TRUE
Joseph ___Joe__ Crowley,H.R. 1226,TRUE
Jon Tester,S. 457,TRUE
Tammy Baldwin,S. 447,TRUE
Martin Heinrich,S. 461,TRUE
Stephen Lynch,H.R. 1220,TRUE
Benjamin Cardin,S. 451,TRUE
Sherrod Brown,S. 448,TRUE
Susan Collins,S. 445,TRUE
Marco Rubio,S. 459,TRUE
Mike Quigley,H.R. 1236,TRUE
Richard Neal,H.R. 1235,TRUE
Gus Bilirakis,H.R. 1223,TRUE
Bob Gibbs,H.Res. 152,TRUE
Thomas Garrett,H.R. 1227,TRUE
Betty McCollum,H.R. 1232,TRUE
Eleanor Norton,H.R. 1217,TRUE
Tim Walberg,H.R. 1218,TRUE
Luke Messer,H.R. 1216,TRUE
Henry Cuellar,H.R. 1209,TRUE
Henry Cuellar,H.R. 1208,TRUE
Henry Cuellar,H.R. 1210,TRUE
Henry Cuellar,H.R. 1207,TRUE
Henry Cuellar,H.R. 1211,TRUE
Duncan Hunter,H.R. 1212,TRUE
Rodney Davis,H.R. 1205,TRUE
Bobby Rush,H.R. 1213,TRUE
Luke Messer,H.R. 1206,TRUE
Ron Johnson,S.Res. 64,TRUE
Brian Higgins,H.Res. 148,TRUE
Rodney Davis,H.R. 1201,TRUE
Scott Peters,H.Res. 149,TRUE
Colleen Hanabusa,H.R. 1202,TRUE
John Hoeven,S. 440,TRUE
Roy Blunt,S. 439,TRUE
Steve Stivers,H.R. 1204,TRUE
James Sensenbrenner,H.R. 1203,TRUE
Tom Udall,S. 441,TRUE
Pete Sessions,H.R. 1200,TRUE
Al Green,H.Res. 147,TRUE
Tony C__rdenas,H.Res. 146,TRUE
Roy Blunt,S. 438,TRUE
Grace Meng,H.Res. 141,TRUE
Neal Dunn,H.J.Res. 77,TRUE
Robert ___Bob__ Men_ndez,S. 433,TRUE
Randy Hultgren,H.R. 1115,TRUE
Brian Babin,H.R. 1124,TRUE
Thomas Carper,S.Res. 63,TRUE
Joyce Beatty,H.R. 1128,TRUE
John Lewis,H.R. 1165,TRUE
Keith Rothfus,H.R. 1119,TRUE
Billy Long,H.R. 1166,TRUE
Peter DeFazio,H.Res. 138,TRUE
Tim Murphy,H.R. 1122,TRUE
Bruce Westerman,H.J.Res. 82,TRUE
Richard Hudson,H.R. 1151,TRUE
Keith Ellison,H.R. 1144,TRUE
Bruce Poliquin,H.R. 1177,TRUE
Ken Buck,H.R. 1132,TRUE
Ron Wyden,S. 406,TRUE
Bobby Rush,H.R. 1184,TRUE
Terri Sewell,H.R. 1190,TRUE
Raul Ruiz,H.R. 1183,TRUE
Alma Adams,H.R. 1123,TRUE
Dave Trott,H.R. 1193,TRUE
Peter DeFazio,H.R. 1113,TRUE
Mia Love,H.R. 1167,TRUE
Rick Allen,H.R. 1105,TRUE
Dean Heller,S. 414,TRUE
Richard Neal,H.R. 1172,TRUE
Ron Wyden,S. 408,TRUE
Barbara Lee,H.Con.Res. 29,TRUE
Derek Kilmer,H.R. 1159,TRUE
Tim Ryan,H.R. 1186,TRUE
Marco Rubio,S. 417,TRUE
Deb Fischer,S. 421,TRUE
Kevin Cramer,H.R. 1139,TRUE
Michael Crapo,S. 410,TRUE
Christopher ___Chris__ Smith,H.R. 1191,TRUE
James ___Jim__ Clyburn,H.R. 1135,TRUE
Adam Kinzinger,H.R. 1161,TRUE
William Keating,H.R. 1157,TRUE
David Cicilline,H.Res. 137,TRUE
Elizabeth Esty,H.R. 1147,TRUE
Martin Heinrich,S. 435,TRUE
Martha Roby,H.R. 1180,TRUE
Alan ___Al__ Franken,S. 434,TRUE
Cory Booker,S. 424,TRUE
Keith Ellison,H.R. 1145,TRUE
Bernard ___Bernie__ Sanders,S. 427,TRUE
John ___Jimmy__ Duncan,H.R. 1142,TRUE
Mike Lee,S. 409,TRUE
Todd Young,S. 418,TRUE
Jon Tester,S. 426,TRUE
Brian Schatz,S. 437,TRUE
Norma Torres,H.Res. 145,TRUE
Keith Ellison,H.R. 1146,TRUE
Gus Bilirakis,H.R. 1129,TRUE
James Sensenbrenner,H.R. 1188,TRUE
Ted Poe,H.R. 1110,TRUE
Marco Rubio,S. 420,TRUE
Greg Walden,H.R. 1121,TRUE
John Thune,S. 431,TRUE
Joyce Beatty,H.Res. 134,TRUE
Joe Donnelly,S. 416,TRUE
Richard Hudson,H.R. 1152,TRUE
Nita Lowey,H.R. 1168,TRUE
Susan Brooks,H.R. 1104,TRUE
Steve Knight,H.R. 1162,TRUE
Michael Crapo,S. 407,TRUE
Karen Bass,H.R. 1127,TRUE
Benjamin Cardin,S. 425,TRUE
Chris Coons,S. 405,TRUE
Mark Amodei,H.R. 1107,TRUE
Doug Collins,H.R. 1137,TRUE
Jim Banks,H.R. 1125,TRUE
Rosa DeLauro,H.R. 1108,TRUE
Tim Walberg,H.R. 1109,TRUE
Duncan Hunter,H.R. 1154,TRUE
Tim Ryan,H.R. 1185,TRUE
Barbara Lee,H.Res. 140,TRUE
Susan Davis,H.R. 1197,TRUE
Mark Takano,H.Res. 144,TRUE
Shelley Capito,S. 413,TRUE
Steny Hoyer,H.J.Res. 76,TRUE
Suzan DelBene,H.R. 1103,TRUE
Susan Davis,H.R. 1198,TRUE
Mark Takano,H.Res. 143,TRUE
Bill Pascrell,H.R. 1199,TRUE
Betty McCollum,H.J.Res. 81,TRUE
Barbara Lee,H.R. 1111,TRUE
Ben Luj__n,H.R. 1169,TRUE
Bill Huizenga,H.R. 1153,TRUE
Kristi Noem,H.R. 1173,TRUE
David Cicilline,H.R. 1134,TRUE
Mark Amodei,H.R. 1106,TRUE
Jos_ Serrano,H.R. 1189,TRUE
Jon Tester,S. 423,TRUE
Sam Johnson,H.J.Res. 78,TRUE
Lee Zeldin,H.R. 1195,TRUE
Gary Peters,S. 412,TRUE
Chellie Pingree,H.R. 1176,TRUE
Martin Heinrich,S. 436,TRUE
Sam Johnson,H.J.Res. 79,TRUE
Sam Johnson,H.J.Res. 80,TRUE
Charles ___Chuck__ Grassley,S. 428,TRUE
Kirsten Gillibrand,S. 422,TRUE
Blake Farenthold,H.R. 1118,TRUE
Martin Heinrich,S. 432,TRUE
George Holding,H.R. 1150,TRUE
Mike Bost,H.R. 1131,TRUE
Michael ___Mike__ Doyle,H.R. 1141,TRUE
Ra__l Labrador,H.R. 1112,TRUE
John Carter,H.R. 1133,TRUE
Erik Paulsen,H.Res. 142,TRUE
Sean Duffy,H.Res. 139,TRUE
James Sensenbrenner,H.R. 1187,TRUE
Jody Hice,H.R. 1149,TRUE
Ted Cruz,S.J.Res. 23,TRUE
Peter DeFazio,H.Res. 132,TRUE
John Delaney,H.R. 1140,TRUE
Frederica Wilson,H.R. 1194,TRUE
Martha McSally,H.R. 1170,TRUE
Christopher ___Chris__ Smith,H.R. 1192,TRUE
Ann Kuster,H.R. 1163,TRUE
Bill Posey,H.R. 1178,TRUE
Lee Zeldin,H.R. 1196,TRUE
Zoe Lofgren,H.R. 1102,TRUE
Peter DeFazio,H.R. 1114,TRUE
Erik Paulsen,H.R. 1175,TRUE
Paul Cook,H.R. 1138,TRUE
Matthew Cartwright,H.R. 1120,TRUE
Andr_ Carson,H.Res. 136,TRUE
Scott Tipton,H.R. 1116,TRUE
Mike Rogers,H.R. 1182,TRUE
Tom Cotton,S. 430,TRUE
Catherine Cortez Masto,S. 415,TRUE
Roger Williams,H.Res. 133,TRUE
Benjamin Cardin,S. 411,TRUE
Darin LaHood,H.Con.Res. 28,TRUE
Keith Ellison,H.R. 1143,TRUE
Tom Rice,H.R. 1179,TRUE
Sam Johnson,H.R. 1156,TRUE
Diane Black,H.R. 1130,TRUE
Mike Bishop,H.Res. 135,TRUE
Morgan Griffith,H.R. 1148,TRUE
Lynn Jenkins,H.R. 1155,TRUE
Doug Lamborn,H.R. 1164,TRUE
Mike Kelly,H.R. 1158,TRUE
Seth Moulton,H.R. 1171,TRUE
Derek Kilmer,H.R. 1160,TRUE
Tom Cole,H.R. 1136,TRUE
Mitch McConnell,S. 429,TRUE
Garland ___Andy__ Barr,H.R. 1126,TRUE
Sherrod Brown,S. 388,TRUE
John McCain,S.Res. 61,TRUE
Timothy Kaine,S.J.Res. 22,TRUE
Keith Ellison,H.R. 1079,TRUE
Michelle Lujan Grisham,H.R. 1087,TRUE
Gary Peters,S. 380,TRUE
Bill Nelson,S. 396,TRUE
Albio Sires,H.R. 1093,TRUE
Kirsten Gillibrand,S. 391,TRUE
Steve Cohen,H.R. 1077,TRUE
Martin Heinrich,S. 390,TRUE
Keith Ellison,H.R. 1080,TRUE
Brett Guthrie,H.R. 1082,TRUE
Chris Van Hollen,S. 402,TRUE
Bill Nelson,S. 398,TRUE
Susan Collins,S. 383,TRUE
John ___Johnny__ Isakson,S. 404,TRUE
Tom Emmer,H.R. 1081,TRUE
Paul Tonko,H.R. 1071,TRUE
Orrin Hatch,S. 403,TRUE
Chris Coons,S. 399,TRUE
Joe Courtney,H.R. 1060,TRUE
Ken Calvert,H.R. 1070,TRUE
Ron Wyden,S. 395,TRUE
Joe Manchin,S. 401,TRUE
Robert ___Bob__ Casey,S. 400,TRUE
Luke Messer,H.R. 1065,TRUE
Ron Wyden,S. 389,TRUE
Mark Takano,H.R. 1097,TRUE
Jared Huffman,H.R. 1083,TRUE
Alan Lowenthal,H.Con.Res. 27,TRUE
Robert Aderholt,H.Con.Res. 26,TRUE
Peter DeFazio,H.Res. 130,TRUE
James Sensenbrenner,H.R. 1067,TRUE
Jason Chaffetz,H.R. 1061,TRUE
Charles ___Chuck__ Grassley,S. 381,TRUE
Rod Blum,H.R. 1074,TRUE
Jerrold Nadler,H.R. 1088,TRUE
Michelle Lujan Grisham,H.R. 1085,TRUE
Donald Beyer,H.R. 1073,TRUE
Robert Wittman,H.R. 1099,TRUE
Christopher ___Chris__ Smith,H.R. 1095,TRUE
John ___Johnny__ Isakson,S. 397,TRUE
Jason Chaffetz,H.R. 1062,TRUE
Brenda Lawrence,H.R. 1069,TRUE
Mike Rounds,S. 394,TRUE
Peter DeFazio,H.J.Res. 75,TRUE
Lee Zeldin,H.R. 1100,TRUE
Beto O'Rourke,H.R. 1064,TRUE
Beto O'Rourke,H.R. 1063,TRUE
Derek Kilmer,H.R. 1066,TRUE
Tim Ryan,H.R. 1092,TRUE
James Renacci,H.R. 1091,TRUE
Jared Polis,H.R. 1089,TRUE
Roy Blunt,S. 384,TRUE
Sheldon Whitehouse,S. 379,TRUE
Alma Adams,H.Con.Res. 25,TRUE
Mark Pocan,H.J.Res. 74,TRUE
Michelle Lujan Grisham,H.R. 1086,TRUE
Robin Kelly,H.R. 1084,TRUE
Susan Davis,H.R. 1078,TRUE
David Perdue,S. 387,TRUE
Tim Scott,S. 393,TRUE
Timothy Kaine,S. 392,TRUE
Marshall ___Mark__ Sanford,H.R. 1072,TRUE
Patrick ___Pat__ Tiberi,H.R. 1098,TRUE
Robert ___Bob__ Men_ndez,S. 382,TRUE
Frank Pallone,H.R. 1068,TRUE
Yvette Clarke,H.R. 1075,TRUE
Yvette Clarke,H.R. 1076,TRUE
Louise Slaughter,H.R. 1094,TRUE
Steny Hoyer,H.R. 1059,TRUE
Robert ___Rob__ Portman,S. 385,TRUE
Christopher ___Chris__ Smith,H.Res. 128,TRUE
Chris Stewart,H.R. 1096,TRUE
James Lankford,S. 386,TRUE
Tom Reed,H.R. 1090,TRUE
Sam Johnson,H.Res. 129,TRUE
Jeb Hensarling,H.Res. 126,TRUE
Gregg Harper,H.Res. 125,TRUE
Joe Wilson,H.R. 1030,TRUE
Steve King,H.R. 1048,TRUE
Bob Corker,S. 371,TRUE
Paul Gosar,H.R. 1042,TRUE
Martha McSally,H.R. 1051,TRUE
Michael Burgess,H.R. 1040,TRUE
Gus Bilirakis,H.R. 1041,TRUE
John Cornyn,S. 375,TRUE
Robert ___Bob__ Men_ndez,S. 377,TRUE
Keith Ellison,H.R. 1044,TRUE
Jeff Flake,S. 368,TRUE
Orrin Hatch,S. 373,TRUE
Bobby Rush,H.R. 1055,TRUE
David Reichert,H.R. 1039,TRUE
Jerrold Nadler,H.R. 1053,TRUE
James ___Jim__ Langevin,H.Con.Res. 24,TRUE
Theodore Deutch,H.R. 1043,TRUE
Ted Poe,H.R. 1035,TRUE
Orrin Hatch,S. 367,TRUE
Stephen Lynch,H.R. 1037,TRUE
Kurt Schrader,H.R. 1056,TRUE
John Cornyn,S. 376,TRUE
Daniel Lipinski,H.Res. 124,TRUE
Roger Williams,H.J.Res. 73,TRUE
Ted Budd,H.J.Res. 72,TRUE
Ted Cruz,S. 370,TRUE
Bradley Byrne,H.R. 1032,TRUE
Grace Meng,H.R. 1052,TRUE
Brad Wenstrup,H.R. 1058,TRUE
Bob Gibbs,H.R. 1045,TRUE
Rick Larsen,H.R. 1050,TRUE
Tammy Baldwin,S. 369,TRUE
Robert ___Rob__ Portman,S. 372,TRUE
John Barrasso,S. 378,TRUE
Keith Ellison,H.R. 1034,TRUE
Jody Hice,H.R. 1047,TRUE
Roy Blunt,S. 374,TRUE
Brett Guthrie,H.R. 1046,TRUE
Mike Quigley,H.R. 1054,TRUE
James ___Jim__ Langevin,H.R. 1049,TRUE
Beto O'Rourke,H.R. 1036,TRUE
Patrick ___Pat__ Tiberi,H.R. 1057,TRUE
Morgan Griffith,H.R. 1038,TRUE
John Ratcliffe,H.R. 1031,TRUE
Donald Payne,H.Res. 121,TRUE
Steve Chabot,H.Res. 114,TRUE
Bob Goodlatte,H.Res. 119,TRUE
Jason Chaffetz,H.Res. 117,TRUE
Lamar Smith,H.Res. 122,TRUE
Pete Sessions,H.Res. 115,TRUE
Albio Sires,H.R. 1028,TRUE
Darren Soto,H.R. 1008,TRUE
Thomas Garrett,H.R. 1019,TRUE
Jeanne Shaheen,S. 355,TRUE
Dianne Feinstein,S. 357,TRUE
Orrin Hatch,S. 351,TRUE
Bill Nelson,S. 359,TRUE
Luke Messer,H.R. 1024,TRUE
Michael Burgess,H.R. 1012,TRUE
Steve Daines,S.Res. 60,TRUE
Amy Klobuchar,S. 360,TRUE
Susan Collins,S. 353,TRUE
Mike Rounds,S. 365,TRUE
Scott DesJarlais,H.R. 1018,TRUE
Amy Klobuchar,S. 364,TRUE
Steve King,H.Res. 120,TRUE
Patrick Meehan,H.R. 1023,TRUE
Debbie Stabenow,S. 356,TRUE
Yvette Clarke,H.R. 1014,TRUE
Amy Klobuchar,S. 363,TRUE
Gerald Connolly,H.R. 1015,TRUE
Lou Barletta,H.R. 1010,TRUE
Bob Corker,S. 352,TRUE
Rosa DeLauro,H.R. 1016,TRUE
John Sarbanes,H.R. 1027,TRUE
Brian Schatz,S. 362,TRUE
Scott Tipton,H.J.Res. 71,TRUE
Keith Ellison,H.Res. 118,TRUE
Richard Nolan,H.R. 1026,TRUE
Robert ___Bob__ Casey,S. 358,TRUE
Jerrold Nadler,H.R. 1025,TRUE
Tom Cotton,S. 354,TRUE
Mike Rounds,S. 366,TRUE
Steve King,H.R. 1021,TRUE
Ted Cruz,S. 361,TRUE
Stephen Lynch,H.R. 1001,TRUE
Morgan Griffith,H.R. 1020,TRUE
Pramila Jayapal,H.R. 1006,TRUE
Michael Burgess,H.R. 1011,TRUE
John Katko,H.R. 1007,TRUE
Joaquin Castro,H.R. 1013,TRUE
Charles Dent,H.R. 1002,TRUE
Lee Zeldin,H.R. 1005,TRUE
Carolyn Maloney,H.R. 1022,TRUE
Charles Dent,H.R. 1017,TRUE
Richard Blumenthal,S.Res. 59,TRUE
Don Young,H.J.Res. 70,TRUE
Dana Rohrabacher,H.Res. 113,TRUE
Kamala Harris,S. 349,TRUE
Tim Walberg,H.R. 999,TRUE
Todd Rokita,H.R. 987,TRUE
Todd Rokita,H.R. 986,TRUE
Eliot Engel,H.R. 991,TRUE
Chris Coons,S. 347,TRUE
Alan ___Al__ Franken,S. 350,TRUE
Alan ___Al__ Franken,S. 348,TRUE
Bill Foster,H.R. 994,TRUE
Hakeem Jeffries,H.R. 995,TRUE
Keith Ellison,H.R. 988,TRUE
Tom Cole,H.R. 990,TRUE
Tom Cole,H.R. 989,TRUE
Ruben Kihuen,H.R. 996,TRUE
John Conyers,H.R. 1000,TRUE
Michael McCaul,H.Res. 112,TRUE
Bill Foster,H.R. 992,TRUE
Bill Foster,H.R. 993,TRUE
Steve King,H.R. 997,TRUE
Deb Fischer,S. 344,TRUE
Lisa Murkowski,S. 346,TRUE
Deb Fischer,S. 345,TRUE
Mike Rounds,S. 343,TRUE
Richard Blumenthal,S. 342,TRUE
Lindsey Graham,S. 341,TRUE
Patrick Leahy,S.Res. 56,TRUE
Ted Budd,H.Res. 100,TRUE
Dwight Evans,H.R. 922,TRUE
Terri Sewell,H.R. 929,TRUE
Sherrod Brown,S. 321,TRUE
Jackie Walorski,H.Res. 109,TRUE
Marcia Fudge,H.R. 952,TRUE
Sheila Jackson Lee,H.R. 955,TRUE
Keith Ellison,H.R. 932,TRUE
Gene Green,H.J.Res. 65,TRUE
James ___Jim__ Inhofe,S. 334,TRUE
Gary Peters,S. 322,TRUE
James ___Jim__ Inhofe,S. 335,TRUE
David ___Dave__ Brat,H.R. 937,TRUE
Kevin Cramer,H.J.Res. 68,TRUE
Timothy Kaine,S. 331,TRUE
Cory Booker,S. 330,TRUE
Jeff Flake,S. 323,TRUE
Dean Heller,S. 326,TRUE
Linda S__nchez,H.R. 977,TRUE
Sheila Jackson Lee,H.R. 950,TRUE
Sheila Jackson Lee,H.R. 940,TRUE
Sherrod Brown,S. 336,TRUE
Sheila Jackson Lee,H.R. 945,TRUE
Ann Kuster,H.R. 965,TRUE
Carlos Curbelo,H.R. 943,TRUE
Daniel Kildee,H.R. 961,TRUE
Daniel Kildee,H.R. 962,TRUE
Jerrold Nadler,H.Res. 105,TRUE
Grace Meng,H.R. 971,TRUE
Bob Goodlatte,H.R. 954,TRUE
Susan Davis,H.R. 946,TRUE
Susan Davis,H.R. 944,TRUE
Keith Rothfus,H.R. 924,TRUE
Keith Ellison,H.R. 915,TRUE
Richard Blumenthal,S. 325,TRUE
Linda S__nchez,H.Res. 108,TRUE
Peter ___Pete__ King,H.R. 964,TRUE
Michael Crapo,S. 340,TRUE
Cory Booker,S. 329,TRUE
Kirsten Gillibrand,S. 337,TRUE
Rick Larsen,H.R. 966,TRUE
Keith Ellison,H.R. 948,TRUE
Richard Blumenthal,S.Res. 54,TRUE
Michael Conaway,H.R. 941,TRUE
Kyrsten Sinema,H.R. 978,TRUE
Joyce Beatty,H.Con.Res. 22,TRUE
Cory Booker,S. 328,TRUE
Robert Wittman,H.R. 984,TRUE
Beto O'Rourke,H.R. 973,TRUE
Paul Cook,H.R. 917,TRUE
Darren Soto,H.R. 926,TRUE
Sheila Jackson Lee,H.R. 935,TRUE
Kevin Brady,H.Res. 101,TRUE
Edward ___Ed__ Royce,H.Res. 97,TRUE
Diane Black,H.Res. 96,TRUE
Blake Farenthold,H.R. 905,TRUE
Eliot Engel,H.Res. 104,TRUE
Gerald Connolly,H.R. 942,TRUE
Ken Calvert,H.R. 925,TRUE
Doug Collins,H.R. 907,TRUE
James Lankford,S. 333,TRUE
Mark Takano,H.R. 980,TRUE
Peter ___Pete__ King,H.R. 963,TRUE
Grace Meng,H.R. 972,TRUE
Brian Fitzpatrick,H.R. 949,TRUE
Joaquin Castro,H.Res. 102,TRUE
Albio Sires,H.R. 979,TRUE
Keith Ellison,H.R. 933,TRUE
Hakeem Jeffries,H.R. 957,TRUE
Bill Foster,H.R. 912,TRUE
Hakeem Jeffries,H.R. 956,TRUE
Bill Foster,H.R. 913,TRUE
Greg Walden,H.R. 983,TRUE
Sean Maloney,H.R. 969,TRUE
Zoe Lofgren,H.R. 920,TRUE
Sean Maloney,H.R. 968,TRUE
John McCain,S.Res. 53,TRUE
David ___Phil__ Roe,H.Res. 107,TRUE
Michael Conaway,H.Res. 103,TRUE
Devin Nunes,H.Res. 106,TRUE
Matthew Cartwright,H.R. 902,TRUE
Bill Nelson,S. 339,TRUE
Bill Nelson,S. 338,TRUE
Luis Guti_rrez,H.R. 900,TRUE
Gus Bilirakis,H.R. 936,TRUE
Thomas Massie,H.R. 899,TRUE
Cheri Bustos,H.R. 939,TRUE
Orrin Hatch,S. 324,TRUE
Michael Turner,H.R. 982,TRUE
Elijah Cummings,H.R. 901,TRUE
Sam Johnson,H.R. 958,TRUE
Gregory Meeks,H.R. 970,TRUE
Brian Fitzpatrick,H.R. 911,TRUE
Norma Torres,H.R. 981,TRUE
Edward ___Ed__ Royce,H.R. 898,TRUE
Justin Amash,H.R. 923,TRUE
Mike Kelly,H.R. 908,TRUE
Michael Burgess,H.R. 938,TRUE
Virginia Foxx,H.R. 951,TRUE
Keith Ellison,H.R. 934,TRUE
Marshall ___Mark__ Sanford,H.R. 916,TRUE
Louie Gohmert,H.R. 928,TRUE
Don Young,H.Res. 110,TRUE
Rosa DeLauro,H.R. 947,TRUE
Tom MacArthur,H.R. 967,TRUE
Daniel Lipinski,H.R. 904,TRUE
Mike Coffman,H.R. 918,TRUE
Jackie Walorski,H.R. 927,TRUE
Tom Cotton,S. 332,TRUE
Zoe Lofgren,H.R. 921,TRUE
Joe Wilson,H.R. 903,TRUE
Chris Collins,H.R. 931,TRUE
Dana Rohrabacher,H.R. 975,TRUE
Joe Courtney,H.R. 914,TRUE
Dennis Ross,H.R. 976,TRUE
David Reichert,H.R. 930,TRUE
Katherine Clark,H.R. 909,TRUE
Mike Kelly,H.R. 960,TRUE
Mike Thompson,H.R. 919,TRUE
David Joyce,H.R. 959,TRUE
Mazie Hirono,S.Res. 51,TRUE
Benjamin Cardin,S.Res. 50,TRUE
Susan Collins,S.Res. 49,TRUE
Erik Paulsen,H.R. 894,TRUE
Amy Klobuchar,S. 318,TRUE
Eliot Engel,H.Con.Res. 21,TRUE
Steve Daines,S. 320,TRUE
Orrin Hatch,S. 316,TRUE
Yvette Clarke,H.Res. 94,TRUE
Kurt Schrader,H.J.Res. 64,TRUE
Jeanne Shaheen,S. 312,TRUE
Amy Klobuchar,S. 311,TRUE
Charles ___Chuck__ Grassley,S. 309,TRUE
Amy Klobuchar,S. 314,TRUE
Robert ___Rob__ Portman,S. 310,TRUE
Ted Lieu,H.R. 872,TRUE
Gus Bilirakis,H.R. 879,TRUE
John ___Johnny__ Isakson,S. 306,TRUE
Patrick ___Pat__ Tiberi,H.R. 896,TRUE
Todd Rokita,H.R. 895,TRUE
Charles ___Chuck__ Grassley,S. 308,TRUE
Orrin Hatch,S.Res. 52,TRUE
Rob Bishop,H.Res. 93,TRUE
Richard Burr,S.Res. 48,TRUE
Amy Klobuchar,S. 319,TRUE
Michael Burgess,H.R. 880,TRUE
John Katko,H.R. 876,TRUE
Walter Jones,H.R. 886,TRUE
French Hill,H.R. 884,TRUE
Joseph ___Joe__ Crowley,H.R. 881,TRUE
Henry Cuellar,H.R. 882,TRUE
Mark Amodei,H.R. 877,TRUE
David Loebsack,H.R. 874,TRUE
Dan Newhouse,H.R. 875,TRUE
Sam Johnson,H.R. 885,TRUE
Dan Sullivan,S. 315,TRUE
Jason Smith,H.R. 871,TRUE
John Boozman,S. 313,TRUE
Walter Jones,H.R. 888,TRUE
Grace Meng,H.R. 892,TRUE
Tom Marino,H.R. 890,TRUE
Walter Jones,H.R. 887,TRUE
Carolyn Maloney,H.R. 889,TRUE
Grace Meng,H.R. 893,TRUE
Lee Zeldin,H.R. 897,TRUE
Mark Meadows,H.R. 891,TRUE
Andy Biggs,H.R. 878,TRUE
Joni Ernst,S. 307,TRUE
Lee Zeldin,H.Con.Res. 20,TRUE
Mike Gallagher,H.R. 873,TRUE
Joe Wilson,H.Res. 92,TRUE
Ron DeSantis,H.R. 883,TRUE
Adam Kinzinger,H.J.Res. 63,TRUE
Keith Ellison,H.Res. 87,TRUE
Matthew Cartwright,H.R. 855,TRUE
Mia Love,H.R. 864,TRUE
Andy Harris,H.Res. 88,TRUE
James ___Jim__ Langevin,H.Res. 89,TRUE
Joyce Beatty,H.R. 851,TRUE
Morgan Griffith,H.R. 862,TRUE
Diane Black,H.R. 853,TRUE
Bob Goodlatte,H.R. 843,TRUE
John Thune,S. 304,TRUE
Michael Enzi,S.Res. 46,TRUE
Patrick ___Pat__ Toomey,S.J.Res. 21,TRUE
Salud Carbajal,H.R. 845,TRUE
Virginia Foxx,H.Res. 86,TRUE
Tom Graves,H.J.Res. 62,TRUE
Cory Booker,S. 303,TRUE
James Lankford,S. 301,TRUE
Mike Lee,S. 299,TRUE
Sam Graves,H.R. 847,TRUE
Jeff Duncan,H.R. 844,TRUE
Matt Gaetz,H.R. 861,TRUE
Dan Newhouse,H.R. 848,TRUE
Tom McClintock,H.R. 865,TRUE
Grace Meng,H.R. 867,TRUE
Jon Tester,S.J.Res. 20,TRUE
Elijah Cummings,H.R. 859,TRUE
Grace Meng,H.R. 869,TRUE
Paul Cook,H.R. 857,TRUE
Grace Meng,H.R. 868,TRUE
Luis Correa,H.R. 858,TRUE
Jon Tester,S. 300,TRUE
Bill Posey,H.R. 870,TRUE
Steve Cohen,H.R. 856,TRUE
Alan Lowenthal,H.Res. 90,TRUE
Gary Palmer,H.R. 850,TRUE
Vern Buchanan,H.R. 854,TRUE
Joe Wilson,H.R. 846,TRUE
John ___Jimmy__ Duncan,H.R. 860,TRUE
Donald Beyer,H.R. 852,TRUE
David ___Phil__ Roe,H.R. 849,TRUE
Grace Meng,H.R. 866,TRUE
Jon Tester,S. 298,TRUE
Dan Newhouse,H.J.Res. 60,TRUE
Steve Womack,H.J.Res. 61,TRUE
Raja Krishnamoorthi,H.Res. 85,TRUE
Doug Collins,H.R. 819,TRUE
Tom Udall,S. 290,TRUE
Tim Scott,S. 293,TRUE
Michelle Lujan Grisham,H.R. 836,TRUE
Raul Ruiz,H.R. 840,TRUE
Sherrod Brown,S. 284,TRUE
Richard Neal,H.R. 822,TRUE
Cory Gardner,S. 286,TRUE
Jackie Speier,H.R. 841,TRUE
Raul Ruiz,H.R. 839,TRUE
Debbie Dingell,H.Res. 84,TRUE
Ted Poe,H.R. 818,TRUE
Raul Ruiz,H.R. 838,TRUE
Susan Brooks,H.Res. 83,TRUE
Mark Warner,S. 291,TRUE
Bill Nelson,S. 294,TRUE
John Barrasso,S.Res. 42,TRUE
Susan Collins,S. 297,TRUE
Eddie Johnson,H.Con.Res. 19,TRUE
Eddie Johnson,H.R. 834,TRUE
John ___Jack__ Reed,S. 292,TRUE
Michael Capuano,H.R. 832,TRUE
Doug Lamborn,H.R. 835,TRUE
Cory Gardner,S. 287,TRUE
Fred Upton,H.R. 829,TRUE
Dean Heller,S. 282,TRUE
Warren Davidson,H.R. 826,TRUE
Lois Frankel,H.R. 833,TRUE
Marco Rubio,S. 279,TRUE
Juan Vargas,H.R. 827,TRUE
Jason Smith,H.R. 824,TRUE
Patrick ___Pat__ Tiberi,H.R. 828,TRUE
Rosa DeLauro,H.R. 821,TRUE
Michael Bennet,S. 289,TRUE
Michelle Lujan Grisham,H.R. 837,TRUE
Mike Bost,H.R. 831,TRUE
Heidi Heitkamp,S. 275,TRUE
Lloyd Doggett,H.R. 823,TRUE
Ken Calvert,H.R. 816,TRUE
Lloyd Doggett,H.R. 817,TRUE
Elise Stefanik,H.R. 842,TRUE
Eliot Engel,H.R. 830,TRUE
Paul Gosar,H.R. 825,TRUE
Michael McCaul,H.R. 820,TRUE
Jeff Flake,S. 276,TRUE
Joe Manchin,S. 277,TRUE
Steve Daines,S. 295,TRUE
Cory Gardner,S. 280,TRUE
Steve Daines,S. 288,TRUE
Alan ___Al__ Franken,S. 283,TRUE
Steve Daines,S. 278,TRUE
Mike Lee,S. 281,TRUE
Dan Sullivan,S. 296,TRUE
Cory Gardner,S. 285,TRUE
Mazie Hirono,S.Res. 38,TRUE
Mike Kelly,H.R. 792,TRUE
Shelley Capito,S. 262,TRUE
Heidi Heitkamp,S. 256,TRUE
John Cornyn,S.J.Res. 17,TRUE
Shelley Capito,S. 263,TRUE
Todd Young,S. 268,TRUE
Al Green,H.Res. 79,TRUE
John Yarmuth,H.R. 786,TRUE
Rick Larsen,H.R. 793,TRUE
Patrick McHenry,H.R. 782,TRUE
Lisa Murkowski,S.Res. 33,TRUE
Susan Collins,S.Res. 31,TRUE
Al Green,H.Con.Res. 17,TRUE
James Risch,S.Res. 32,TRUE
Ron Johnson,S.Res. 34,TRUE
Greg Walden,H.Res. 81,TRUE
Mac Thornberry,H.Res. 80,TRUE
Lamar Alexander,S.Res. 39,TRUE
Bob Corker,S.Res. 37,TRUE
John Hoeven,S.Res. 36,TRUE
Orrin Hatch,S. 266,TRUE
David Perdue,S.J.Res. 19,TRUE
Angus King,S. 257,TRUE
Dan Sullivan,S. 267,TRUE
Bill Nelson,S. 258,TRUE
Stevan ___Steve__ Pearce,H.J.Res. 56,TRUE
Joyce Beatty,H.Con.Res. 16,TRUE
Pete Olson,H.R. 806,TRUE
Steve Cohen,H.R. 787,TRUE
Grace Meng,H.R. 803,TRUE
Peter Roskam,H.R. 808,TRUE
Ron DeSantis,H.R. 796,TRUE
Frank Pallone,H.R. 784,TRUE
Devin Nunes,H.R. 805,TRUE
Jenniffer Gonz__lez-Col__n,H.R. 797,TRUE
Dennis Ross,H.R. 809,TRUE
Frank LoBiondo,H.R. 783,TRUE
Andr_ Carson,H.R. 791,TRUE
Mark Meadows,H.R. 802,TRUE
Jenniffer Gonz__lez-Col__n,H.R. 798,TRUE
Bobby Rush,H.R. 810,TRUE
Steve Scalise,H.R. 781,TRUE
John Cornyn,S. 260,TRUE
Bill Nelson,S. 252,TRUE
Tim Ryan,H.R. 812,TRUE
Steve Russell,H.R. 811,TRUE
Lee Zeldin,H.R. 815,TRUE
Lee Zeldin,H.R. 814,TRUE
Ron Wyden,S.J.Res. 16,TRUE
French Hill,H.R. 799,TRUE
Linda S__nchez,H.R. 813,TRUE
Roy Blunt,S. 261,TRUE
James Lankford,S. 264,TRUE
Joseph ___Joe__ Crowley,H.Res. 78,TRUE
Ted Budd,H.R. 789,TRUE
Tammy Baldwin,S. 265,TRUE
Dan Sullivan,S.J.Res. 18,TRUE
Robert Brady,H.R. 794,TRUE
Erik Paulsen,H.R. 807,TRUE
Pat Roberts,S.Res. 30,TRUE
Rodney Davis,H.R. 795,TRUE
Duncan Hunter,H.R. 788,TRUE
Darin LaHood,H.R. 801,TRUE
Marcy Kaptur,H.R. 790,TRUE
Steve King,H.R. 785,TRUE
Brian Schatz,S. 250,TRUE
Ron Wyden,S. 251,TRUE
Bill Nelson,S. 259,TRUE
Michael Enzi,S. 270,TRUE
Brian Schatz,S. 255,TRUE
Benjamin Cardin,S. 253,TRUE
Markwayne Mullin,H.J.Res. 59,TRUE
Stephanie Murphy,H.R. 804,TRUE
Jared Huffman,H.R. 800,TRUE
James Risch,S. 273,TRUE
Brian Schatz,S. 272,TRUE
Deb Fischer,S. 271,TRUE
Dan Newhouse,H.J.Res. 52,TRUE
Chris Stewart,H.J.Res. 55,TRUE
John Moolenaar,H.R. 775,TRUE
Nydia Vel__zquez,H.R. 764,TRUE
Keith Ellison,H.R. 759,TRUE
Thomas Rooney,H.Res. 77,TRUE
James Sensenbrenner,H.R. 777,TRUE
James Sensenbrenner,H.R. 776,TRUE
Steve Cohen,H.R. 767,TRUE
Rosa DeLauro,H.Res. 75,TRUE
Devin Nunes,H.Res. 76,TRUE
Bill Shuster,H.Res. 73,TRUE
Bradley Schneider,H.R. 758,TRUE
Marshall ___Mark__ Sanford,H.R. 755,TRUE
Ileana Ros-Lehtinen,H.R. 762,TRUE
Bruce Poliquin,H.R. 763,TRUE
Robert Wittman,H.R. 779,TRUE
Nancy Pelosi,H.R. 780,TRUE
James Himes,H.R. 770,TRUE
Nydia Vel__zquez,H.R. 766,TRUE
Mario Diaz-Balart,H.R. 768,TRUE
Grace Meng,H.R. 773,TRUE
Grace Meng,H.R. 774,TRUE
Adam Smith,H.R. 753,TRUE
Maxine Waters,H.Con.Res. 15,TRUE
Ra__l Labrador,H.J.Res. 50,TRUE
Barbara Lee,H.R. 771,TRUE
Nydia Vel__zquez,H.R. 765,TRUE
Gerald Connolly,H.R. 757,TRUE
Peter Welch,H.R. 778,TRUE
Kay Granger,H.R. 769,TRUE
David ___Phil__ Roe,H.J.Res. 51,TRUE
Todd Rokita,H.J.Res. 54,TRUE
James Renacci,H.R. 761,TRUE
Chris Stewart,H.R. 754,TRUE
Cathy McMorris Rodgers,H.R. 772,TRUE
Jackie Speier,H.J.Res. 53,TRUE
Brenda Lawrence,H.R. 729,TRUE
Kevin Cramer,H.J.Res. 45,TRUE
Tammy Baldwin,S.Res. 28,TRUE
Steve Daines,S.Res. 29,TRUE
Don Young,H.J.Res. 47,TRUE
Salud Carbajal,H.R. 731,TRUE
Lisa Murkowski,S.J.Res. 15,TRUE
Adriano Espaillat,H.Res. 72,TRUE
James ___Jim__ Inhofe,S.J.Res. 9,TRUE
Dianne Feinstein,S. 240,TRUE
Charles ___Chuck__ Grassley,S.J.Res. 14,TRUE
Joni Ernst,S.J.Res. 13,TRUE
Debbie Stabenow,S. 247,TRUE
Ron Johnson,S. 238,TRUE
Luke Messer,H.J.Res. 39,TRUE
Mitch McConnell,S.J.Res. 10,TRUE
Derek Kilmer,H.R. 742,TRUE
Katherine Clark,H.R. 737,TRUE
John Barrasso,S.J.Res. 11,TRUE
Julia Brownley,H.R. 734,TRUE
Mo Brooks,H.R. 733,TRUE
Justin Amash,H.R. 730,TRUE
Frank LoBiondo,H.R. 728,TRUE
Kevin Cramer,H.R. 738,TRUE
Michael Capuano,H.R. 736,TRUE
Virginia Foxx,H.R. 740,TRUE
Steve King,H.R. 743,TRUE
Doug Lamborn,H.R. 726,TRUE
Doug Lamborn,H.R. 727,TRUE
John Thune,S. 243,TRUE
Mike Lee,S. 244,TRUE
Ron Johnson,S.J.Res. 12,TRUE
Zoe Lofgren,H.R. 724,TRUE
Bill Pascrell,H.R. 746,TRUE
Steve King,H.R. 744,TRUE
Robert ___Bob__ Men_ndez,S. 246,TRUE
Mark Meadows,H.R. 745,TRUE
Jared Polis,H.R. 752,TRUE
Paul Gosar,H.J.Res. 46,TRUE
Sheila Jackson Lee,H.R. 735,TRUE
Kurt Schrader,H.R. 749,TRUE
Joni Ernst,S. 241,TRUE
Glenn Grothman,H.R. 751,TRUE
Grace Meng,H.R. 722,TRUE
Mike Quigley,H.R. 748,TRUE
Don Young,H.J.Res. 49,TRUE
Cory Gardner,S. 239,TRUE
Charles ___Chuck__ Grassley,S. 237,TRUE
Adam Kinzinger,H.R. 723,TRUE
Richard Nolan,H.J.Res. 48,TRUE
Adriano Espaillat,H.R. 739,TRUE
Ron Wyden,S. 236,TRUE
Christopher Murphy,S. 248,TRUE
James Sensenbrenner,H.R. 750,TRUE
Bob Goodlatte,H.R. 732,TRUE
Bill Cassidy,S. 242,TRUE
Steve Knight,H.Res. 69,TRUE
Erik Paulsen,H.R. 747,TRUE
Lynn Jenkins,H.R. 741,TRUE
Lynn Jenkins,H.R. 721,TRUE
Eliot Engel,H.Res. 67,TRUE
Pete Olson,H.R. 717,TRUE
Susan Davis,H.Res. 66,TRUE
Bradley Byrne,H.Res. 210,TRUE
Doug Collins,H.Res. 209,TRUE
Rodney Davis,H.R. 1029,TRUE
Grace Meng,H.R. 382,TRUE
Clay Higgins,H.R. 1252,TRUE
Brian Fitzpatrick,H.R. 1249,TRUE
John Rutherford,H.R. 1294,TRUE
Luis Correa,H.R. 1365,TRUE
John Katko,H.R. 1309,TRUE
Kathleen Rice,H.R. 1353,TRUE
Diane Black,H.R. 1628,TRUE
Brad Wenstrup,H.R. 1367,TRUE
Sam Johnson,H.R. 1101,TRUE
Stephen Lynch,H.R. 760,TRUE
Jason Chaffetz,H.R. 756,TRUE
David ___Phil__ Roe,H.R. 1259,TRUE
David Young,H.R. 1238,TRUE
David ___Phil__ Roe,H.R. 1181,TRUE
Martha McSally,H.R. 1302,TRUE
Bonnie Watson Coleman,H.R. 1297,TRUE
John Boozman,S.J.Res. 1,TRUE
Cory Gardner,S. 218,TRUE
Bill Cassidy,S. 188,TRUE
James Lankford,S. 317,TRUE
Jeff Flake,S.J.Res. 34,TRUE
Gregg Harper,H.R. 1228,TRUE
Ron Johnson,S. 585,TRUE
Ron Johnson,S. 582,TRUE
Ron Johnson,S. 576,TRUE
Pat Roberts,S. 500,TRUE
Liz Cheney,H.R. 648,TRUE
Tom Cole,H.R. 132,TRUE
Aumua Amata,H.R. 1362,TRUE
John Lewis,H.R. 267,TRUE
Kevin Brady,H.J.Res. 42,TRUE
Mike Kelly,H.R. 609,TRUE
Jason Chaffetz,H.Res. 38,TRUE
Jody Hice,H.R. 1364,TRUE
Jason Chaffetz,H.R. 1387,TRUE
Lamar Smith,H.R. 720,TRUE
Bruce Poliquin,H.R. 1312,TRUE
French Hill,H.R. 910,TRUE
Charles ___Chuck__ Grassley,S. 419,TRUE
Frank Lucas,H.R. 1431,TRUE
Randy Hultgren,H.R. 1343,TRUE
Lamar Smith,H.R. 1430,TRUE
Gregory Meeks,H.R. 1257,TRUE
Heidi Heitkamp,S. 444,TRUE
Patrick ___Pat__ Toomey,S. 488,TRUE
Robert ___Bob__ Men_ndez,S. 484,TRUE
Dean Heller,S. 462,TRUE
Dean Heller,S. 327,TRUE
Nydia Vel__zquez,H.R. 1366,TRUE
Todd Rokita,H.J.Res. 57,TRUE
Patrick McHenry,H.R. 1219,TRUE
Bob Goodlatte,H.R. 985,TRUE
Ken Buck,H.R. 725,TRUE
Dennis Ross,H.R. 1293,TRUE
Elijah Cummings,H.R. 653,TRUE
Mark Meadows,H.R. 680,TRUE
Tammy Duckworth,S. 496,TRUE
Brett Guthrie,H.J.Res. 58,TRUE
Rodney Frelinghuysen,H.R. 1301,TRUE
Liz Cheney,H.Res. 174,TRUE
Ken Buck,H.Res. 175,TRUE
Liz Cheney,H.J.Res. 44,TRUE
Ted Cruz,S. 442,TRUE
Eleanor Norton,H.R. 1174,TRUE
Marsha Blackburn,H.R. 375,TRUE
Virginia Foxx,H.J.Res. 37,TRUE
Tim Walberg,H.R. 1004,TRUE
Ralph Abraham,H.R. 1224,TRUE
Bradley Byrne,H.J.Res. 83,TRUE
Jason Smith,H.R. 998,TRUE
Paul Mitchell,H.R. 1009,TRUE
Sam Johnson,H.J.Res. 40,TRUE
Barbara Comstock,H.R. 321,TRUE
Jerrold Nadler,H.Res. 111,TRUE
Steve King,H.R. 1215,TRUE
Elizabeth Esty,H.R. 255,TRUE
Peter DeFazio,H.R. 654,TRUE
Vicky Hartzler,H.R. 1117,TRUE
Lou Barletta,H.R. 1214,TRUE
Paul Gosar,H.R. 372,TRUE
John Larson,H.R. 863,TRUE
Greg Walden,H.R. 699,TRUE
Marsha Blackburn,H.R. 88,TRUE
Doug Collins,H.R. 1033,TRUE
Don Young,H.R. 228,TRUE
Don Young,H.J.Res. 69,TRUE
Diane Black,H.J.Res. 43,TRUE
Bill Johnson,H.J.Res. 38,TRUE
Bob Gibbs,H.R. 953,TRUE
Blake Farenthold,H.R. 906,TRUE
Francis Rooney,H.J.Res. 67,TRUE
Tim Walberg,H.J.Res. 66,TRUE
Steve Russell,H.R. 195,TRUE
Eleanor Norton,H.R. 1003,TRUE
David Valadao,H.R. 624,TRUE
Bill Huizenga,H.J.Res. 41,TRUE
Mac Thornberry,H.R. 428,TRUE
Kathleen Rice,H.R. 974,TRUE
Paul Cook,H.R. 244,TRUE
Brad Wenstrup,H.J.Res. 27,TRUE
Ted Yoho,H.R. 512,TRUE
Charles ___Chuck__ Grassley,S. 178,TRUE
Jon Tester,S. 39,TRUE
Jeff Flake,S. 140,TRUE
Tom Udall,S. 249,TRUE
Jerry Moran,S. 63,TRUE
Lisa Murkowski,S. 91,TRUE
Tom Udall,S. 254,TRUE
John Hoeven,S. 245,TRUE
Lisa Murkowski,S. 269,TRUE
John Barrasso,S. 302,TRUE
Tom Cole,H.R. 133,TRUE
Gregg Harper,H.R. 634,TRUE
Kristi Noem,H.R. 337,TRUE
Jared Polis,H.R. 689,TRUE
Buddy Carter,H.R. 494,TRUE
Jared Polis,H.R. 688,TRUE
Scott Tipton,H.R. 698,TRUE
Doug Lamborn,H.R. 618,TRUE
Kevin Yoder,H.R. 387,TRUE
Rob Bishop,H.J.Res. 36,TRUE
Patrick ___Pat__ Toomey,S. 305,TRUE
Steve Russell,H.R. 194,TRUE
Dianne Feinstein,S. 274,TRUE
Mark Meadows,H.R. 679,TRUE
Sean Duffy,H.R. 657,TRUE
Elijah Cummings,H.R. 702,TRUE
Bennie Thompson,H.R. 697,TRUE
Aumua Amata,H.R. 276,TRUE
Buddy Carter,H.R. 72,TRUE
Donald Payne,H.R. 687,TRUE
Cedric Richmond,H.R. 690,TRUE
James ___Jim__ Langevin,H.R. 612,TRUE
Scott Perry,H.R. 366,TRUE
Bonnie Watson Coleman,H.R. 347,TRUE
Martha McSally,H.R. 505,TRUE
Gus Bilirakis,H.R. 437,TRUE
Daniel Donovan,H.R. 584,TRUE
John Katko,H.R. 526,TRUE
Daniel Donovan,H.R. 549,TRUE
Sheila Jackson Lee,H.R. 58,TRUE
Lou Barletta,H.R. 642,TRUE
Daniel Donovan,H.R. 655,TRUE
William Keating,H.R. 665,TRUE
Peter ___Pete__ King,H.R. 666,TRUE
Martha McSally,H.R. 678,TRUE
Martha McSally,H.R. 677,TRUE
Tom Marino,H.R. 560,TRUE
Barry Loudermilk,H.R. 558,TRUE
John Katko,H.R. 46,TRUE
Tom McClintock,H.R. 381,TRUE
Sanford Bishop,H.R. 538,TRUE
Jaime Herrera Beutler,H.R. 374,TRUE
Gregorio Sablan,H.R. 339,TRUE
Christopher ___Chris__ Smith,H.R. 7,TRUE
Amy Klobuchar,S. 81,TRUE
Tammy Baldwin,S. 110,TRUE
Dan Sullivan,S. 171,TRUE
Deb Fischer,S. 88,TRUE
Amy Klobuchar,S. 123,TRUE
John Thune,S. 19,TRUE
Claire McCaskill,S. 89,TRUE
Bill Nelson,S. 134,TRUE
Maria Cantwell,S. 102,TRUE
Dean Heller,S. 174,TRUE
Roger Wicker,S. 168,TRUE
Roger Wicker,S. 129,TRUE
Gary Peters,S. 141,TRUE
Edward ___Ed__ Royce,H.R. 600,TRUE
Nita Lowey,H.R. 601,TRUE
Lamar Smith,H.R. 589,TRUE
Amy Klobuchar,S. 96,TRUE
Louie Gohmert,H.R. 582,TRUE
Grace Meng,H.R. 423,TRUE
Frank Pallone,H.R. 588,TRUE
Robert Latta,H.R. 590,TRUE
Steve Scalise,H.R. 599,TRUE
Joseph Kennedy,H.R. 587,TRUE
David Young,H.R. 460,TRUE
Greg Walden,H.R. 290,TRUE
Adam Kinzinger,H.R. 555,TRUE
Diana DeGette,H.R. 518,TRUE
Peter Welch,H.R. 511,TRUE
John McCain,S. 84,TRUE
Richard Burr,S. 133,TRUE
Kevin McCarthy,H.R. 39,TRUE
Marco Rubio,S.Res. 6,TRUE
Michael Conaway,H.R. 238,TRUE
Ann Wagner,H.R. 78,TRUE
Bob Goodlatte,H.R. 5,TRUE
Steve Chabot,H.R. 79,TRUE
John Ratcliffe,H.R. 239,TRUE
Seth Moulton,H.R. 274,TRUE
John Ratcliffe,H.R. 240,TRUE
Greg Walden,H.R. 288,TRUE
Anna Eshoo,H.R. 306,TRUE
Frank Lucas,H.R. 353,TRUE
Richard Hudson,H.R. 304,TRUE
Michael Burgess,H.R. 315,TRUE
Pete Olson,H.R. 309,TRUE
Brett Guthrie,H.R. 302,TRUE
Doug Collins,H.R. 26,TRUE
David ___Phil__ Roe,H.J.Res. 3,TRUE
John ___Jimmy__ Duncan,H.R. 73,TRUE
Darrell Issa,H.R. 21,TRUE
Lacy Clay,H.R. 70,TRUE
Rod Blum,H.R. 69,TRUE
Tim Walberg,H.R. 71,TRUE
Pete Sessions,H.Con.Res. 1,TRUE
Ryan Costello,H.R. 27,TRUE
David ___Phil__ Roe,H.R. 28,TRUE
