house_or_senate,sector_name,bill_id
S,Aging,S.Res. 31
S,"Agriculture, Nutrition, and Forestry",H.R. 238
S,"Agriculture, Nutrition, and Forestry",S.Res. 75
S,"Agriculture, Nutrition, and Forestry",S. 499
S,"Agriculture, Nutrition, and Forestry",S. 77
S,"Agriculture, Nutrition, and Forestry",S. 322
S,"Agriculture, Nutrition, and Forestry",S.Res. 30
S,Armed Services,S. 84
S,Armed Services,S. 66
S,Armed Services,S.Res. 53
S,Armed Services,S. 339
S,Armed Services,S. 307
S,Armed Services,S. 498
S,Armed Services,S. 373
S,Armed Services,S. 437
S,Armed Services,S. 250
S,Armed Services,S. 165
S,Armed Services,S. 394
S,Armed Services,S. 238
S,Armed Services,S. 116
S,"Banking, Housing, and Urban Affairs",H.R. 79
S,"Banking, Housing, and Urban Affairs",H.R. 78
S,"Banking, Housing, and Urban Affairs",S. 166
S,"Banking, Housing, and Urban Affairs",S. 266
S,"Banking, Housing, and Urban Affairs",S. 170
S,"Banking, Housing, and Urban Affairs",S. 462
S,"Banking, Housing, and Urban Affairs",S. 352
S,"Banking, Housing, and Urban Affairs",S. 496
S,"Banking, Housing, and Urban Affairs",S. 16
S,"Banking, Housing, and Urban Affairs",S. 327
S,"Banking, Housing, and Urban Affairs",S. 484
S,"Banking, Housing, and Urban Affairs",S. 488
S,"Banking, Housing, and Urban Affairs",S. 472
S,"Banking, Housing, and Urban Affairs",S. 365
S,"Banking, Housing, and Urban Affairs",S. 227
S,"Banking, Housing, and Urban Affairs",S. 15
S,"Banking, Housing, and Urban Affairs",S. 223
S,"Banking, Housing, and Urban Affairs",S. 450
S,"Banking, Housing, and Urban Affairs",S. 444
S,"Banking, Housing, and Urban Affairs",S. 380
S,"Banking, Housing, and Urban Affairs",S. 350
S,"Banking, Housing, and Urban Affairs",S. 275
S,"Banking, Housing, and Urban Affairs",S. 387
S,"Banking, Housing, and Urban Affairs",S. 370
S,"Banking, Housing, and Urban Affairs",S. 366
S,"Banking, Housing, and Urban Affairs",S. 310
S,"Banking, Housing, and Urban Affairs",S.Res. 22
S,"Banking, Housing, and Urban Affairs",S. 159
S,"Banking, Housing, and Urban Affairs",S. 160
S,"Banking, Housing, and Urban Affairs",S. 138
S,"Banking, Housing, and Urban Affairs",S. 103
S,"Banking, Housing, and Urban Affairs",S. 105
S,"Banking, Housing, and Urban Affairs",S. 325
S,"Banking, Housing, and Urban Affairs",S. 314
S,"Banking, Housing, and Urban Affairs",S. 73
S,"Banking, Housing, and Urban Affairs",S.J.Res. 19
S,"Banking, Housing, and Urban Affairs",S.J.Res. 9
S,the Budget,S.Con.Res. 3
S,the Budget,S. 306
S,the Budget,S. 270
S,the Budget,S.Res. 46
S,"Commerce, Science, and Transportation",H.R. 460
S,"Commerce, Science, and Transportation",S. 96
S,"Commerce, Science, and Transportation",S. 81
S,"Commerce, Science, and Transportation",S. 171
S,"Commerce, Science, and Transportation",H.R. 255
S,"Commerce, Science, and Transportation",S. 110
S,"Commerce, Science, and Transportation",S. 102
S,"Commerce, Science, and Transportation",S. 89
S,"Commerce, Science, and Transportation",S. 141
S,"Commerce, Science, and Transportation",H.R. 423
S,"Commerce, Science, and Transportation",S. 88
S,"Commerce, Science, and Transportation",S. 123
S,"Commerce, Science, and Transportation",S. 134
S,"Commerce, Science, and Transportation",H.R. 588
S,"Commerce, Science, and Transportation",H.R. 321
S,"Commerce, Science, and Transportation",S. 129
S,"Commerce, Science, and Transportation",S. 168
S,"Commerce, Science, and Transportation",H.R. 555
S,"Commerce, Science, and Transportation",H.R. 590
S,"Commerce, Science, and Transportation",H.R. 582
S,"Commerce, Science, and Transportation",H.R. 288
S,"Commerce, Science, and Transportation",H.R. 665
S,"Commerce, Science, and Transportation",S. 174
S,"Commerce, Science, and Transportation",S. 19
S,"Commerce, Science, and Transportation",H.R. 599
S,"Commerce, Science, and Transportation",H.R. 290
S,"Commerce, Science, and Transportation",S. 118
S,"Commerce, Science, and Transportation",S. 61
S,"Commerce, Science, and Transportation",H.R. 276
S,"Commerce, Science, and Transportation",S.Con.Res. 6
S,"Commerce, Science, and Transportation",S. 83
S,"Commerce, Science, and Transportation",S. 228
S,"Commerce, Science, and Transportation",S. 42
S,"Commerce, Science, and Transportation",S.Res. 59
S,"Commerce, Science, and Transportation",S. 396
S,"Commerce, Science, and Transportation",S. 374
S,"Commerce, Science, and Transportation",S. 161
S,"Commerce, Science, and Transportation",S. 515
S,"Commerce, Science, and Transportation",S. 471
S,"Commerce, Science, and Transportation",S. 338
S,"Commerce, Science, and Transportation",S. 277
S,"Commerce, Science, and Transportation",S. 153
S,"Commerce, Science, and Transportation",S. 421
S,"Commerce, Science, and Transportation",S. 53
S,"Commerce, Science, and Transportation",S. 399
S,"Commerce, Science, and Transportation",S. 320
S,"Commerce, Science, and Transportation",S. 212
S,"Commerce, Science, and Transportation",S. 272
S,"Commerce, Science, and Transportation",S. 74
S,"Commerce, Science, and Transportation",S.Res. 20
S,Energy and Natural Resources,H.R. 511
S,Energy and Natural Resources,H.R. 587
S,Energy and Natural Resources,H.R. 518
S,Energy and Natural Resources,H.R. 689
S,Energy and Natural Resources,H.R. 306
S,Energy and Natural Resources,H.R. 494
S,Energy and Natural Resources,H.R. 558
S,Energy and Natural Resources,H.R. 381
S,Energy and Natural Resources,H.R. 589
S,Energy and Natural Resources,H.R. 688
S,Energy and Natural Resources,S. 225
S,Energy and Natural Resources,H.R. 699
S,Energy and Natural Resources,S. 392
S,Energy and Natural Resources,S. 491
S,Energy and Natural Resources,S. 285
S,Energy and Natural Resources,H.R. 863
S,Energy and Natural Resources,H.R. 339
S,Energy and Natural Resources,H.R. 538
S,Energy and Natural Resources,H.J.Res. 3
S,Energy and Natural Resources,S. 363
S,Energy and Natural Resources,S. 287
S,Energy and Natural Resources,S. 216
S,Energy and Natural Resources,S. 137
S,Energy and Natural Resources,H.R. 698
S,Energy and Natural Resources,H.R. 618
S,Energy and Natural Resources,S. 97
S,Energy and Natural Resources,S. 331
S,Energy and Natural Resources,S. 502
S,Energy and Natural Resources,S. 466
S,Energy and Natural Resources,S. 214
S,Energy and Natural Resources,S. 189
S,Energy and Natural Resources,S. 99
S,Energy and Natural Resources,S. 100
S,Energy and Natural Resources,H.R. 88
S,Energy and Natural Resources,H.R. 337
S,Energy and Natural Resources,S. 385
S,Energy and Natural Resources,S. 289
S,Energy and Natural Resources,S. 282
S,Energy and Natural Resources,S. 312
S,Energy and Natural Resources,S. 490
S,Energy and Natural Resources,S. 485
S,Energy and Natural Resources,S. 383
S,Energy and Natural Resources,S. 136
S,Energy and Natural Resources,S. 145
S,Energy and Natural Resources,S. 62
S,Energy and Natural Resources,S. 22
S,Energy and Natural Resources,S. 334
S,Energy and Natural Resources,S. 521
S,Energy and Natural Resources,S. 401
S,Energy and Natural Resources,S. 468
S,Energy and Natural Resources,S. 335
S,Energy and Natural Resources,S. 190
S,Energy and Natural Resources,S. 357
S,Energy and Natural Resources,S. 509
S,Energy and Natural Resources,S. 467
S,Energy and Natural Resources,S. 286
S,Energy and Natural Resources,S. 280
S,Energy and Natural Resources,S. 267
S,Energy and Natural Resources,S. 213
S,Energy and Natural Resources,S. 217
S,Energy and Natural Resources,S. 226
S,Energy and Natural Resources,S. 199
S,Energy and Natural Resources,S. 167
S,Energy and Natural Resources,S. 135
S,Energy and Natural Resources,S. 49
S,Energy and Natural Resources,S. 501
S,Energy and Natural Resources,S. 507
S,Energy and Natural Resources,S. 508
S,Energy and Natural Resources,S. 513
S,Energy and Natural Resources,S. 481
S,Energy and Natural Resources,S. 483
S,Energy and Natural Resources,S. 432
S,Energy and Natural Resources,S. 436
S,Energy and Natural Resources,S. 400
S,Energy and Natural Resources,S. 257
S,Energy and Natural Resources,S. 32
S,Energy and Natural Resources,S. 414
S,Energy and Natural Resources,S. 131
S,Energy and Natural Resources,S. 70
S,Energy and Natural Resources,S. 391
S,Energy and Natural Resources,S. 390
S,Energy and Natural Resources,S. 239
S,Energy and Natural Resources,S. 31
S,Energy and Natural Resources,S. 79
S,Energy and Natural Resources,S. 90
S,Energy and Natural Resources,S. 132
S,Energy and Natural Resources,S. 33
S,Energy and Natural Resources,S.Res. 72
S,Energy and Natural Resources,S. 440
S,Energy and Natural Resources,S. 346
S,Energy and Natural Resources,S. 316
S,Energy and Natural Resources,S. 215
S,Energy and Natural Resources,S. 117
S,Energy and Natural Resources,S. 101
S,Energy and Natural Resources,S. 35
S,Energy and Natural Resources,S. 441
S,Energy and Natural Resources,S. 355
S,Energy and Natural Resources,S. 186
S,Energy and Natural Resources,S. 192
S,Energy and Natural Resources,S. 55
S,Environment and Public Works,H.R. 590
S,Environment and Public Works,S. 340
S,Environment and Public Works,S. 517
S,Environment and Public Works,S.Res. 12
S,Environment and Public Works,S. 518
S,Environment and Public Works,S. 512
S,Environment and Public Works,S. 125
S,Environment and Public Works,S. 478
S,Environment and Public Works,S. 164
S,Environment and Public Works,S. 273
S,Environment and Public Works,S. 453
S,Environment and Public Works,S. 452
S,Environment and Public Works,S. 454
S,Environment and Public Works,S. 519
S,Environment and Public Works,S. 368
S,Environment and Public Works,S. 451
S,Environment and Public Works,S. 279
S,Environment and Public Works,S. 398
S,Environment and Public Works,S. 195
S,Environment and Public Works,S. 60
S,Environment and Public Works,S. 263
S,Environment and Public Works,S. 203
S,Environment and Public Works,S.Res. 42
S,Environment and Public Works,S. 376
S,Environment and Public Works,S. 375
S,Environment and Public Works,S. 95
S,Environment and Public Works,S. 219
S,Environment and Public Works,S. 80
S,Environment and Public Works,S.J.Res. 28
S,Environment and Public Works,S.J.Res. 21
S,Finance,H.R. 7
S,Finance,S.Con.Res. 7
S,Finance,S. 497
S,Finance,S. 445
S,Finance,S. 439
S,Finance,S. 431
S,Finance,S. 243
S,Finance,S. 479
S,Finance,S. 464
S,Finance,S. 520
S,Finance,S. 476
S,Finance,S. 429
S,Finance,S. 309
S,Finance,S. 230
S,Finance,S. 222
S,Finance,S. 177
S,Finance,S. 176
S,Finance,S. 407
S,Finance,S. 428
S,Finance,S. 372
S,Finance,S. 503
S,Finance,S. 448
S,Finance,S. 455
S,Finance,S. 389
S,Finance,S. 337
S,Finance,S. 413
S,Finance,S. 251
S,Finance,S. 108
S,Finance,S. 234
S,Finance,S. 172
S,Finance,S. 144
S,Finance,S. 142
S,Finance,S. 25
S,Finance,S. 253
S,Finance,S. 344
S,Finance,S. 326
S,Finance,S. 157
S,Finance,S. 122
S,Finance,S. 486
S,Finance,S. 46
S,Finance,S. 405
S,Finance,S. 379
S,Finance,S. 175
S,Finance,S. 264
S,Finance,S. 143
S,Finance,S. 236
S,Finance,S. 293
S,Finance,S. 205
S,Finance,S. 492
S,Finance,S. 463
S,Finance,S. 393
S,Finance,S. 262
S,Finance,S. 353
S,Finance,S. 308
S,Finance,S. 268
S,Finance,S. 427
S,Finance,S. 359
S,Finance,S. 201
S,Finance,S. 191
S,Finance,S. 348
S,Finance,S. 85
S,Finance,S. 58
S,Finance,S. 397
S,Finance,S. 93
S,Finance,S. 156
S,Finance,S. 158
S,Finance,S. 148
S,Finance,S. 300
S,Finance,S. 252
S,Finance,S. 184
S,Finance,S. 247
S,Finance,S. 106
S,Finance,S. 59
S,Finance,S. 208
S,Finance,S. 48
S,Finance,S. 50
S,Finance,S. 43
S,Finance,S. 38
S,Finance,S. 18
S,Finance,S. 71
S,Finance,S. 109
S,Finance,S. 260
S,Finance,S. 20
S,Finance,S. 13
S,Finance,S. 356
S,Finance,S. 408
S,Finance,S. 384
S,Finance,S. 323
S,Finance,S. 290
S,Finance,S. 76
S,Finance,S. 40
S,Finance,S. 47
S,Finance,S. 28
S,Finance,S. 82
S,Finance,S. 284
S,Finance,S. 403
S,Finance,S. 505
S,Finance,S. 523
S,Finance,S. 524
S,Finance,S. 482
S,Foreign Relations,H.R. 601
S,Foreign Relations,H.R. 600
S,Foreign Relations,S.Res. 35
S,Foreign Relations,S.Res. 6
S,Foreign Relations,S.Res. 68
S,Foreign Relations,S.Res. 10
S,Foreign Relations,S.Res. 9
S,Foreign Relations,S.Res. 5
S,Foreign Relations,S.Res. 78
S,Foreign Relations,S.Res. 54
S,Foreign Relations,S. 447
S,Foreign Relations,S. 418
S,Foreign Relations,S. 198
S,Foreign Relations,S. 210
S,Foreign Relations,S. 94
S,Foreign Relations,S. 107
S,Foreign Relations,S. 11
S,Foreign Relations,S.Res. 15
S,Foreign Relations,S. 474
S,Foreign Relations,S. 409
S,Foreign Relations,S. 420
S,Foreign Relations,S. 430
S,Foreign Relations,S. 371
S,Foreign Relations,S. 332
S,Foreign Relations,S. 169
S,Foreign Relations,S. 449
S,Foreign Relations,S. 68
S,Foreign Relations,S. 417
S,Foreign Relations,S. 377
S,Foreign Relations,S. 358
S,Foreign Relations,S.Res. 61
S,Foreign Relations,S. 341
S,Foreign Relations,S.Res. 50
S,Foreign Relations,S. 67
S,Foreign Relations,S.Res. 18
S,Foreign Relations,S. 200
S,Foreign Relations,S.J.Res. 31
S,Foreign Relations,S.Res. 37
S,"Health, Education, Labor, and Pensions",H.R. 304
S,"Health, Education, Labor, and Pensions",H.R. 315
S,"Health, Education, Labor, and Pensions",H.R. 309
S,"Health, Education, Labor, and Pensions",H.R. 302
S,"Health, Education, Labor, and Pensions",H.R. 244
S,"Health, Education, Labor, and Pensions",S.Res. 47
S,"Health, Education, Labor, and Pensions",S. 292
S,"Health, Education, Labor, and Pensions",S. 443
S,"Health, Education, Labor, and Pensions",S. 438
S,"Health, Education, Labor, and Pensions",S.Res. 11
S,"Health, Education, Labor, and Pensions",S. 456
S,"Health, Education, Labor, and Pensions",S. 382
S,"Health, Education, Labor, and Pensions",S. 241
S,"Health, Education, Labor, and Pensions",S. 92
S,"Health, Education, Labor, and Pensions",S. 489
S,"Health, Education, Labor, and Pensions",S. 527
S,"Health, Education, Labor, and Pensions",S. 404
S,"Health, Education, Labor, and Pensions",S. 351
S,"Health, Education, Labor, and Pensions",S. 495
S,"Health, Education, Labor, and Pensions",S. 475
S,"Health, Education, Labor, and Pensions",S. 469
S,"Health, Education, Labor, and Pensions",S. 457
S,"Health, Education, Labor, and Pensions",S. 261
S,"Health, Education, Labor, and Pensions",S. 204
S,"Health, Education, Labor, and Pensions",S. 194
S,"Health, Education, Labor, and Pensions",S. 183
S,"Health, Education, Labor, and Pensions",S. 196
S,"Health, Education, Labor, and Pensions",S. 206
S,"Health, Education, Labor, and Pensions",S. 294
S,"Health, Education, Labor, and Pensions",S. 313
S,"Health, Education, Labor, and Pensions",S. 130
S,"Health, Education, Labor, and Pensions",S. 345
S,"Health, Education, Labor, and Pensions",S. 297
S,"Health, Education, Labor, and Pensions",S. 244
S,"Health, Education, Labor, and Pensions",S. 185
S,"Health, Education, Labor, and Pensions",S. 477
S,"Health, Education, Labor, and Pensions",S. 147
S,"Health, Education, Labor, and Pensions",S. 149
S,"Health, Education, Labor, and Pensions",S. 155
S,"Health, Education, Labor, and Pensions",S. 435
S,"Health, Education, Labor, and Pensions",S. 64
S,"Health, Education, Labor, and Pensions",S. 44
S,"Health, Education, Labor, and Pensions",S. 311
S,"Health, Education, Labor, and Pensions",S. 256
S,"Health, Education, Labor, and Pensions",S. 301
S,"Health, Education, Labor, and Pensions",S. 221
S,"Health, Education, Labor, and Pensions",S. 246
S,"Health, Education, Labor, and Pensions",S. 235
S,"Health, Education, Labor, and Pensions",S.Res. 49
S,"Health, Education, Labor, and Pensions",S.J.Res. 26
S,"Health, Education, Labor, and Pensions",S.J.Res. 27
S,"Health, Education, Labor, and Pensions",S.J.Res. 25
S,"Health, Education, Labor, and Pensions",S.Res. 63
S,"Health, Education, Labor, and Pensions",S.J.Res. 13
S,"Health, Education, Labor, and Pensions",S.Res. 39
S,Homeland Security and Governmental Affairs,H.R. 26
S,Homeland Security and Governmental Affairs,H.R. 526
S,Homeland Security and Governmental Affairs,H.R. 72
S,Homeland Security and Governmental Affairs,H.R. 21
S,Homeland Security and Governmental Affairs,H.R. 347
S,Homeland Security and Governmental Affairs,H.R. 687
S,Homeland Security and Governmental Affairs,H.R. 274
S,Homeland Security and Governmental Affairs,H.R. 58
S,Homeland Security and Governmental Affairs,H.R. 612
S,Homeland Security and Governmental Affairs,H.R. 690
S,Homeland Security and Governmental Affairs,H.R. 697
S,Homeland Security and Governmental Affairs,H.R. 70
S,Homeland Security and Governmental Affairs,S. 317
S,Homeland Security and Governmental Affairs,S. 188
S,Homeland Security and Governmental Affairs,S. 17
S,Homeland Security and Governmental Affairs,H.R. 1004
S,Homeland Security and Governmental Affairs,H.R. 366
S,Homeland Security and Governmental Affairs,H.R. 505
S,Homeland Security and Governmental Affairs,H.R. 584
S,Homeland Security and Governmental Affairs,H.R. 549
S,Homeland Security and Governmental Affairs,H.R. 678
S,Homeland Security and Governmental Affairs,H.R. 5
S,Homeland Security and Governmental Affairs,H.R. 240
S,Homeland Security and Governmental Affairs,H.R. 69
S,Homeland Security and Governmental Affairs,H.R. 71
S,Homeland Security and Governmental Affairs,H.R. 998
S,Homeland Security and Governmental Affairs,H.R. 1009
S,Homeland Security and Governmental Affairs,H.R. 655
S,Homeland Security and Governmental Affairs,H.R. 437
S,Homeland Security and Governmental Affairs,H.R. 642
S,Homeland Security and Governmental Affairs,H.R. 666
S,Homeland Security and Governmental Affairs,H.R. 677
S,Homeland Security and Governmental Affairs,H.R. 239
S,Homeland Security and Governmental Affairs,H.R. 73
S,Homeland Security and Governmental Affairs,S. 218
S,Homeland Security and Governmental Affairs,S. 146
S,Homeland Security and Governmental Affairs,S.Res. 51
S,Homeland Security and Governmental Affairs,S. 461
S,Homeland Security and Governmental Affairs,S. 21
S,Homeland Security and Governmental Affairs,S.Con.Res. 8
S,Homeland Security and Governmental Affairs,S. 500
S,Homeland Security and Governmental Affairs,S. 506
S,Homeland Security and Governmental Affairs,S. 480
S,Homeland Security and Governmental Affairs,S. 459
S,Homeland Security and Governmental Affairs,S. 278
S,Homeland Security and Governmental Affairs,S. 271
S,Homeland Security and Governmental Affairs,S. 173
S,Homeland Security and Governmental Affairs,S. 120
S,Homeland Security and Governmental Affairs,S. 525
S,Homeland Security and Governmental Affairs,S. 516
S,Homeland Security and Governmental Affairs,S. 504
S,Homeland Security and Governmental Affairs,S. 424
S,Homeland Security and Governmental Affairs,S. 181
S,Homeland Security and Governmental Affairs,S. 29
S,Homeland Security and Governmental Affairs,S. 126
S,Homeland Security and Governmental Affairs,S. 78
S,Homeland Security and Governmental Affairs,S. 14
S,Homeland Security and Governmental Affairs,S. 163
S,Homeland Security and Governmental Affairs,S. 288
S,Homeland Security and Governmental Affairs,S. 56
S,Homeland Security and Governmental Affairs,S. 162
S,Homeland Security and Governmental Affairs,S. 98
S,Homeland Security and Governmental Affairs,S. 69
S,Homeland Security and Governmental Affairs,S. 412
S,Homeland Security and Governmental Affairs,S. 362
S,Homeland Security and Governmental Affairs,S. 364
S,Homeland Security and Governmental Affairs,S. 342
S,Homeland Security and Governmental Affairs,S. 255
S,Homeland Security and Governmental Affairs,S. 34
S,Homeland Security and Governmental Affairs,S. 65
S,Homeland Security and Governmental Affairs,S. 265
S,Homeland Security and Governmental Affairs,S. 299
S,Homeland Security and Governmental Affairs,S.J.Res. 12
S,Homeland Security and Governmental Affairs,S.Res. 34
S,Homeland Security and Governmental Affairs,S.J.Res. 4
S,Homeland Security and Governmental Affairs,S.Con.Res. 4
S,Indian Affairs,S. 254
S,Indian Affairs,S. 39
S,Indian Affairs,S. 249
S,Indian Affairs,S. 245
S,Indian Affairs,S. 269
S,Indian Affairs,S. 140
S,Indian Affairs,S. 302
S,Indian Affairs,S. 63
S,Indian Affairs,S. 91
S,Indian Affairs,S. 343
S,Indian Affairs,S. 304
S,Indian Affairs,S. 465
S,Indian Affairs,S. 458
S,Indian Affairs,S. 381
S,Indian Affairs,S.Res. 36
S,Intelligence,S. 133
S,Intelligence,S. 291
S,Intelligence,S.Res. 48
S,the Judiciary,S. 178
S,the Judiciary,H.R. 387
S,the Judiciary,S.Res. 55
S,the Judiciary,S.Res. 45
S,the Judiciary,S.Res. 44
S,the Judiciary,S.Res. 27
S,the Judiciary,S.Con.Res. 5
S,the Judiciary,S.Res. 64
S,the Judiciary,S.Res. 29
S,the Judiciary,S.Res. 25
S,the Judiciary,S. 419
S,the Judiciary,S.Res. 76
S,the Judiciary,S.Res. 70
S,the Judiciary,S.Res. 38
S,the Judiciary,S.Res. 28
S,the Judiciary,S. 139
S,the Judiciary,S. 45
S,the Judiciary,S.Res. 71
S,the Judiciary,S. 231
S,the Judiciary,S. 90
S,the Judiciary,S. 378
S,the Judiciary,S. 232
S,the Judiciary,S.Res. 60
S,the Judiciary,S.Res. 56
S,the Judiciary,S. 333
S,the Judiciary,S. 494
S,the Judiciary,S. 386
S,the Judiciary,S. 354
S,the Judiciary,S. 510
S,the Judiciary,S. 522
S,the Judiciary,S. 511
S,the Judiciary,S. 281
S,the Judiciary,S. 411
S,the Judiciary,S. 415
S,the Judiciary,S. 303
S,the Judiciary,S. 240
S,the Judiciary,S. 248
S,the Judiciary,S. 229
S,the Judiciary,S. 72
S,the Judiciary,S. 54
S,the Judiciary,S. 220
S,the Judiciary,S. 207
S,the Judiciary,S. 87
S,the Judiciary,S. 197
S,the Judiciary,S. 237
S,the Judiciary,S. 259
S,the Judiciary,S. 30
S,the Judiciary,S. 150
S,the Judiciary,S. 182
S,the Judiciary,S. 104
S,the Judiciary,S. 406
S,the Judiciary,S. 349
S,the Judiciary,S. 128
S,the Judiciary,S. 446
S,the Judiciary,S. 361
S,the Judiciary,S. 224
S,the Judiciary,S. 202
S,the Judiciary,S. 367
S,the Judiciary,S. 119
S,the Judiciary,S. 124
S,the Judiciary,S. 395
S,the Judiciary,S. 36
S,the Judiciary,S. 51
S,the Judiciary,S. 329
S,the Judiciary,S. 328
S,the Judiciary,S. 318
S,the Judiciary,S. 276
S,the Judiciary,S. 296
S,the Judiciary,S. 295
S,the Judiciary,S. 211
S,the Judiciary,S. 180
S,the Judiciary,S. 179
S,the Judiciary,S. 151
S,the Judiciary,S. 127
S,the Judiciary,S. 258
S,the Judiciary,S. 52
S,the Judiciary,S. 330
S,the Judiciary,S. 209
S,the Judiciary,S. 37
S,the Judiciary,S. 460
S,the Judiciary,S.J.Res. 24
S,the Judiciary,S.Res. 13
S,the Judiciary,S. 433
S,the Judiciary,S. 388
S,the Judiciary,S.J.Res. 22
S,the Judiciary,S.J.Res. 20
S,the Judiciary,S.J.Res. 7
S,the Judiciary,S.J.Res. 8
S,the Judiciary,S.J.Res. 6
S,the Judiciary,S.J.Res. 5
S,the Judiciary,S. 187
S,the Judiciary,S.Res. 21
S,the Judiciary,S.J.Res. 3
S,the Judiciary,S.J.Res. 2
S,Rules and Administration,S.Res. 62
S,Rules and Administration,S. 402
S,Rules and Administration,S. 27
S,Rules and Administration,S. 298
S,Rules and Administration,S.Res. 53
S,Rules and Administration,S.Res. 42
S,Rules and Administration,S.Res. 31
S,Rules and Administration,S.Res. 32
S,Rules and Administration,S.Res. 36
S,Rules and Administration,S.Res. 23
S,Rules and Administration,S.Res. 22
S,Rules and Administration,S.Res. 24
S,Rules and Administration,S. 360
S,Rules and Administration,S. 26
S,Rules and Administration,S.J.Res. 30
S,Rules and Administration,S.Res. 52
S,Rules and Administration,S.Res. 48
S,Rules and Administration,S.Res. 46
S,Rules and Administration,S.Res. 33
S,Rules and Administration,S.Res. 34
S,Rules and Administration,S.Res. 30
S,Rules and Administration,S.Res. 20
S,Rules and Administration,S.Res. 37
S,Rules and Administration,S.Res. 21
S,Rules and Administration,S.Res. 39
S,Small Business and Entrepreneurship,S. 526
S,Small Business and Entrepreneurship,S. 347
S,Small Business and Entrepreneurship,S. 416
S,Small Business and Entrepreneurship,S. 154
S,Small Business and Entrepreneurship,S. 121
S,Small Business and Entrepreneurship,S.Res. 32
S,Veterans' Affairs,H.R. 974
S,Veterans' Affairs,H.R. 609
S,Veterans' Affairs,H.R. 27
S,Veterans' Affairs,H.R. 512
S,Veterans' Affairs,H.R. 28
S,Veterans' Affairs,S. 12
S,Veterans' Affairs,S. 57
S,Veterans' Affairs,S. 324
S,Veterans' Affairs,S. 493
S,Veterans' Affairs,S. 514
S,Veterans' Affairs,S. 410
S,Veterans' Affairs,S. 473
S,Veterans' Affairs,S. 423
S,Veterans' Affairs,S. 336
S,Veterans' Affairs,S. 115
S,Veterans' Affairs,S. 112
S,Veterans' Affairs,S. 114
S,Veterans' Affairs,S. 113
S,Veterans' Affairs,S. 86
S,Veterans' Affairs,S. 75
S,Veterans' Affairs,S. 426
S,Veterans' Affairs,S. 422
S,Veterans' Affairs,S. 315
S,Veterans' Affairs,S. 319
S,Veterans' Affairs,S. 233
S,Veterans' Affairs,S.Res. 24
S,Veterans' Affairs,S. 242
S,Veterans' Affairs,S. 283
S,Veterans' Affairs,S. 369
S,Veterans' Affairs,S. 111
S,Veterans' Affairs,S. 23
S,Veterans' Affairs,S. 24
S,Veterans' Affairs,S. 152
H,Agriculture,H.R. 1029
H,Agriculture,H.R. 953
H,Agriculture,H.R. 238
H,Agriculture,H.R. 825
H,Agriculture,H.R. 382
H,Agriculture,H.R. 1238
H,Agriculture,H.R. 232
H,Agriculture,H.R. 928
H,Agriculture,H.R. 23
H,Agriculture,H.R. 831
H,Agriculture,H.R. 904
H,Agriculture,H.R. 113
H,Agriculture,H.R. 622
H,Agriculture,H.R. 995
H,Agriculture,H.R. 961
H,Agriculture,H.R. 962
H,Agriculture,H.R. 159
H,Agriculture,H.R. 1357
H,Agriculture,H.R. 1330
H,Agriculture,H.R. 1106
H,Agriculture,H.R. 800
H,Agriculture,H.Res. 170
H,Agriculture,H.R. 1177
H,Agriculture,H.R. 1276
H,Agriculture,H.R. 344
H,Agriculture,H.R. 865
H,Agriculture,H.R. 525
H,Agriculture,H.R. 861
H,Agriculture,H.R. 442
H,Agriculture,H.R. 637
H,Agriculture,H.R. 289
H,Agriculture,H.R. 1054
H,Agriculture,H.R. 51
H,Agriculture,H.R. 1163
H,Agriculture,H.R. 1141
H,Agriculture,H.R. 1078
H,Agriculture,H.R. 1189
H,Agriculture,H.R. 594
H,Agriculture,H.R. 581
H,Agriculture,H.R. 207
H,Agriculture,H.R. 316
H,Agriculture,H.R. 958
H,Agriculture,H.R. 572
H,Agriculture,H.R. 1084
H,Agriculture,H.R. 909
H,Agriculture,H.R. 574
H,Agriculture,H.R. 22
H,Appropriations,H.R. 1301
H,Appropriations,H.R. 121
H,Appropriations,H.R. 85
H,Appropriations,H.R. 87
H,Appropriations,H.R. 86
H,Appropriations,H.R. 966
H,Appropriations,H.R. 379
H,Appropriations,H.R. 753
H,Appropriations,H.R. 370
H,Appropriations,H.R. 352
H,Appropriations,H.R. 175
H,Appropriations,H.R. 277
H,Armed Services,H.R. 393
H,Armed Services,H.Con.Res. 30
H,Armed Services,H.Con.Res. 19
H,Armed Services,H.R. 1103
H,Armed Services,H.R. 989
H,Armed Services,H.R. 406
H,Armed Services,H.R. 379
H,Armed Services,H.R. 1054
H,Armed Services,H.R. 877
H,Armed Services,H.R. 1182
H,Armed Services,H.R. 60
H,Armed Services,H.R. 753
H,Armed Services,H.R. 1279
H,Armed Services,H.Res. 92
H,Armed Services,H.R. 1239
H,Armed Services,H.R. 1248
H,Armed Services,H.R. 963
H,Armed Services,H.R. 846
H,Armed Services,H.R. 936
H,Armed Services,H.R. 941
H,Armed Services,H.R. 886
H,Armed Services,H.R. 1185
H,Armed Services,H.R. 793
H,Armed Services,H.R. 804
H,Armed Services,H.R. 773
H,Armed Services,H.R. 403
H,Armed Services,H.R. 279
H,Armed Services,H.R. 569
H,Armed Services,H.R. 1243
H,Armed Services,H.R. 1316
H,Armed Services,H.R. 1078
H,Armed Services,H.R. 1202
H,Armed Services,H.R. 1049
H,Armed Services,H.R. 1359
H,Armed Services,H.R. 303
H,Armed Services,H.R. 1326
H,Armed Services,H.R. 1300
H,Armed Services,H.R. 703
H,Armed Services,H.Res. 46
H,Armed Services,H.R. 1168
H,Armed Services,H.R. 1147
H,Armed Services,H.R. 1251
H,Armed Services,H.R. 664
H,Armed Services,H.R. 834
H,Armed Services,H.Res. 129
H,Armed Services,H.R. 923
H,Armed Services,H.R. 487
H,Armed Services,H.R. 333
H,Armed Services,H.R. 450
H,Armed Services,H.R. 412
H,Armed Services,H.Res. 140
H,Armed Services,H.R. 295
H,Armed Services,H.R. 171
H,Armed Services,H.R. 1064
H,Armed Services,H.Res. 21
H,Armed Services,H.R. 426
H,Armed Services,H.R. 691
H,Armed Services,H.R. 856
H,Armed Services,H.R. 124
H,Armed Services,H.R. 751
H,Armed Services,H.Res. 134
H,Armed Services,H.R. 22
H,Armed Services,H.Res. 38
H,the Budget,H.R. 26
H,the Budget,H.R. 1301
H,the Budget,H.R. 121
H,the Budget,H.R. 1065
H,the Budget,H.R. 1024
H,the Budget,H.R. 966
H,the Budget,H.R. 50
H,the Budget,H.R. 275
H,the Budget,H.R. 949
H,the Budget,H.R. 536
H,the Budget,H.R. 235
H,the Budget,H.R. 507
H,the Budget,H.R. 761
H,the Budget,H.R. 292
H,the Budget,H.R. 818
H,the Budget,H.R. 1113
H,the Budget,H.R. 916
H,the Budget,H.R. 850
H,the Budget,H.R. 370
H,the Budget,H.R. 297
H,the Budget,H.R. 277
H,Education and the Workforce,H.J.Res. 83
H,Education and the Workforce,H.J.Res. 67
H,Education and the Workforce,H.J.Res. 66
H,Education and the Workforce,H.J.Res. 57
H,Education and the Workforce,H.J.Res. 58
H,Education and the Workforce,H.R. 986
H,Education and the Workforce,H.R. 1169
H,Education and the Workforce,H.R. 1123
H,Education and the Workforce,H.R. 338
H,Education and the Workforce,H.Con.Res. 29
H,Education and the Workforce,H.R. 1241
H,Education and the Workforce,H.R. 949
H,Education and the Workforce,H.R. 1283
H,Education and the Workforce,H.R. 1060
H,Education and the Workforce,H.R. 952
H,Education and the Workforce,H.R. 52
H,Education and the Workforce,H.R. 1303
H,Education and the Workforce,H.R. 1352
H,Education and the Workforce,H.R. 1124
H,Education and the Workforce,H.R. 1193
H,Education and the Workforce,H.R. 1332
H,Education and the Workforce,H.R. 1289
H,Education and the Workforce,H.R. 1286
H,Education and the Workforce,H.R. 1288
H,Education and the Workforce,H.R. 899
H,Education and the Workforce,H.R. 926
H,Education and the Workforce,H.R. 813
H,Education and the Workforce,H.R. 280
H,Education and the Workforce,H.R. 414
H,Education and the Workforce,H.R. 884
H,Education and the Workforce,H.R. 357
H,Education and the Workforce,H.R. 254
H,Education and the Workforce,H.R. 156
H,Education and the Workforce,H.R. 1128
H,Education and the Workforce,H.R. 1120
H,Education and the Workforce,H.R. 1239
H,Education and the Workforce,H.Res. 168
H,Education and the Workforce,H.Res. 77
H,Education and the Workforce,H.R. 355
H,Education and the Workforce,H.R. 343
H,Education and the Workforce,H.R. 44
H,Education and the Workforce,H.R. 160
H,Education and the Workforce,H.R. 1114
H,Education and the Workforce,H.R. 1121
H,Education and the Workforce,H.R. 1000
H,Education and the Workforce,H.Res. 162
H,Education and the Workforce,H.R. 746
H,Education and the Workforce,H.R. 1313
H,Education and the Workforce,H.R. 1304
H,Education and the Workforce,H.R. 1275
H,Education and the Workforce,H.R. 370
H,Education and the Workforce,H.R. 1101
H,Education and the Workforce,H.R. 1270
H,Education and the Workforce,H.R. 1042
H,Education and the Workforce,H.R. 987
H,Education and the Workforce,H.R. 785
H,Education and the Workforce,H.R. 743
H,Education and the Workforce,H.R. 737
H,Education and the Workforce,H.R. 610
H,Education and the Workforce,H.R. 854
H,Education and the Workforce,H.R. 1300
H,Education and the Workforce,H.R. 552
H,Education and the Workforce,H.R. 1180
H,Education and the Workforce,H.R. 1070
H,Education and the Workforce,H.R. 799
H,Education and the Workforce,H.R. 1079
H,Education and the Workforce,H.R. 1050
H,Education and the Workforce,H.R. 977
H,Education and the Workforce,H.R. 935
H,Education and the Workforce,H.R. 914
H,Education and the Workforce,H.R. 744
H,Education and the Workforce,H.R. 693
H,Education and the Workforce,H.R. 663
H,Education and the Workforce,H.R. 647
H,Education and the Workforce,H.R. 651
H,Education and the Workforce,H.R. 719
H,Education and the Workforce,H.R. 1072
H,Education and the Workforce,H.R. 176
H,Education and the Workforce,H.R. 164
H,Education and the Workforce,H.R. 972
H,Education and the Workforce,H.Res. 66
H,Education and the Workforce,H.R. 483
H,Education and the Workforce,H.R. 416
H,Education and the Workforce,H.R. 413
H,Education and the Workforce,H.R. 415
H,Education and the Workforce,H.Res. 19
H,Education and the Workforce,H.R. 323
H,Education and the Workforce,H.R. 203
H,Education and the Workforce,H.R. 155
H,Education and the Workforce,H.R. 56
H,Education and the Workforce,H.R. 122
H,Education and the Workforce,H.R. 186
H,Education and the Workforce,H.R. 895
H,Education and the Workforce,H.R. 997
H,Education and the Workforce,H.R. 1084
H,Education and the Workforce,H.R. 1127
H,Education and the Workforce,H.R. 167
H,Education and the Workforce,H.R. 991
H,Education and the Workforce,H.R. 933
H,Education and the Workforce,H.R. 716
H,Energy and Commerce,H.R. 460
H,Energy and Commerce,H.R. 511
H,Energy and Commerce,H.R. 304
H,Energy and Commerce,H.R. 315
H,Energy and Commerce,H.R. 309
H,Energy and Commerce,H.R. 423
H,Energy and Commerce,H.R. 587
H,Energy and Commerce,H.R. 518
H,Energy and Commerce,H.R. 7
H,Energy and Commerce,H.R. 588
H,Energy and Commerce,H.R. 306
H,Energy and Commerce,H.R. 555
H,Energy and Commerce,H.R. 590
H,Energy and Commerce,H.R. 582
H,Energy and Commerce,H.R. 288
H,Energy and Commerce,H.R. 302
H,Energy and Commerce,H.R. 1215
H,Energy and Commerce,H.R. 1029
H,Energy and Commerce,H.R. 599
H,Energy and Commerce,H.R. 290
H,Energy and Commerce,H.J.Res. 43
H,Energy and Commerce,H.R. 820
H,Energy and Commerce,H.R. 994
H,Energy and Commerce,H.R. 806
H,Energy and Commerce,H.R. 772
H,Energy and Commerce,H.R. 627
H,Energy and Commerce,H.R. 1238
H,Energy and Commerce,H.R. 928
H,Energy and Commerce,H.R. 756
H,Energy and Commerce,H.R. 1119
H,Energy and Commerce,H.R. 656
H,Energy and Commerce,H.R. 354
H,Energy and Commerce,H.R. 338
H,Energy and Commerce,H.R. 904
H,Energy and Commerce,H.R. 686
H,Energy and Commerce,H.R. 1046
H,Energy and Commerce,H.R. 951
H,Energy and Commerce,H.R. 447
H,Energy and Commerce,H.R. 446
H,Energy and Commerce,H.R. 931
H,Energy and Commerce,H.R. 816
H,Energy and Commerce,H.R. 474
H,Energy and Commerce,H.R. 113
H,Energy and Commerce,H.R. 444
H,Energy and Commerce,H.R. 1311
H,Energy and Commerce,H.R. 959
H,Energy and Commerce,H.R. 1315
H,Energy and Commerce,H.R. 1223
H,Energy and Commerce,H.R. 545
H,Energy and Commerce,H.R. 453
H,Energy and Commerce,H.R. 49
H,Energy and Commerce,H.R. 1318
H,Energy and Commerce,H.R. 1109
H,Energy and Commerce,H.R. 694
H,Energy and Commerce,H.R. 800
H,Energy and Commerce,H.R. 458
H,Energy and Commerce,H.R. 807
H,Energy and Commerce,H.R. 1310
H,Energy and Commerce,H.R. 1255
H,Energy and Commerce,H.R. 1253
H,Energy and Commerce,H.R. 1139
H,Energy and Commerce,H.R. 235
H,Energy and Commerce,H.R. 1148
H,Energy and Commerce,H.R. 246
H,Energy and Commerce,H.R. 878
H,Energy and Commerce,H.R. 1338
H,Energy and Commerce,H.R. 1314
H,Energy and Commerce,H.R. 938
H,Energy and Commerce,H.R. 705
H,Energy and Commerce,H.R. 1284
H,Energy and Commerce,H.R. 1227
H,Energy and Commerce,H.R. 564
H,Energy and Commerce,H.R. 778
H,Energy and Commerce,H.R. 1319
H,Energy and Commerce,H.R. 1320
H,Energy and Commerce,H.R. 1323
H,Energy and Commerce,H.R. 1325
H,Energy and Commerce,H.R. 1336
H,Energy and Commerce,H.R. 1355
H,Energy and Commerce,H.R. 1333
H,Energy and Commerce,H.R. 1271
H,Energy and Commerce,H.R. 1277
H,Energy and Commerce,H.R. 1166
H,Energy and Commerce,H.R. 1151
H,Energy and Commerce,H.R. 1092
H,Energy and Commerce,H.R. 861
H,Energy and Commerce,H.R. 829
H,Energy and Commerce,H.R. 797
H,Energy and Commerce,H.R. 726
H,Energy and Commerce,H.R. 727
H,Energy and Commerce,H.R. 628
H,Energy and Commerce,H.R. 583
H,Energy and Commerce,H.R. 433
H,Energy and Commerce,H.R. 259
H,Energy and Commerce,H.R. 982
H,Energy and Commerce,H.R. 1307
H,Energy and Commerce,H.R. 1324
H,Energy and Commerce,H.R. 1322
H,Energy and Commerce,H.R. 1348
H,Energy and Commerce,H.R. 1335
H,Financial Services,H.J.Res. 41
H,Financial Services,H.R. 238
H,Financial Services,H.R. 79
H,Financial Services,H.R. 1153
H,Financial Services,H.R. 78
H,Financial Services,H.R. 477
H,Financial Services,H.R. 1116
H,Financial Services,H.R. 754
H,Financial Services,H.R. 1219
H,Financial Services,H.R. 385
H,Financial Services,H.R. 904
H,Financial Services,H.R. 830
H,Financial Services,H.R. 579
H,Financial Services,H.R. 910
H,Financial Services,H.R. 1343
H,Financial Services,H.R. 1360
H,Financial Services,H.R. 882
H,Financial Services,H.R. 435
H,Financial Services,H.R. 1244
H,Financial Services,H.R. 898
H,Financial Services,H.R. 1312
H,Financial Services,H.R. 1264
H,Financial Services,H.R. 389
H,Financial Services,H.R. 1299
H,Financial Services,H.R. 1321
H,Financial Services,H.R. 1345
H,Financial Services,H.R. 1142
H,Financial Services,H.R. 1260
H,Financial Services,H.R. 1257
H,Financial Services,H.R. 1018
H,Financial Services,H.R. 924
H,Financial Services,H.R. 970
H,Financial Services,H.R. 791
H,Financial Services,H.R. 209
H,Financial Services,H.R. 485
H,Financial Services,H.R. 1235
H,Financial Services,H.R. 770
H,Financial Services,H.R. 525
H,Financial Services,H.R. 704
H,Financial Services,H.R. 482
H,Financial Services,H.R. 442
H,Financial Services,H.R. 967
H,Financial Services,H.R. 864
H,Financial Services,H.R. 851
H,Financial Services,H.R. 790
H,Financial Services,H.R. 812
H,Financial Services,H.R. 667
H,Financial Services,H.R. 1146
H,Financial Services,H.R. 915
H,Financial Services,H.R. 1124
H,Financial Services,H.R. 530
H,Financial Services,H.R. 1031
H,Financial Services,H.R. 400
H,Financial Services,H.R. 595
H,Financial Services,H.R. 1225
H,Financial Services,H.R. 879
H,Financial Services,H.R. 343
H,Financial Services,H.R. 614
H,Financial Services,H.R. 594
H,Financial Services,H.R. 585
H,Financial Services,H.R. 515
H,Financial Services,H.R. 517
H,Financial Services,H.R. 493
H,Financial Services,H.R. 491
H,Financial Services,H.R. 492
H,Financial Services,H.R. 402
H,Financial Services,H.R. 859
H,Financial Services,H.R. 376
H,Financial Services,H.R. 298
H,Financial Services,H.R. 318
H,Financial Services,H.R. 317
H,Financial Services,H.R. 123
H,Financial Services,H.R. 149
H,Financial Services,H.R. 125
H,Financial Services,H.R. 808
H,Financial Services,H.R. 572
H,Financial Services,H.R. 1270
H,Financial Services,H.R. 1080
H,Financial Services,H.R. 948
H,Financial Services,H.R. 764
H,Financial Services,H.R. 972
H,Financial Services,H.R. 252
H,Financial Services,H.R. 1084
H,Financial Services,H.R. 1127
H,Financial Services,H.R. 547
H,Financial Services,H.R. 554
H,Financial Services,H.R. 202
H,Financial Services,H.R. 201
H,Financial Services,H.Res. 165
H,Financial Services,H.R. 574
H,Financial Services,H.J.Res. 73
H,Financial Services,H.J.Res. 62
H,Foreign Affairs,H.R. 601
H,Foreign Affairs,H.R. 600
H,Foreign Affairs,H.Res. 11
H,Foreign Affairs,H.Con.Res. 20
H,Foreign Affairs,H.Con.Res. 2
H,Foreign Affairs,H.R. 1196
H,Foreign Affairs,H.R. 430
H,Foreign Affairs,H.Res. 58
H,Foreign Affairs,H.R. 479
H,Foreign Affairs,H.R. 436
H,Foreign Affairs,H.R. 425
H,Foreign Affairs,H.R. 830
H,Foreign Affairs,H.R. 608
H,Foreign Affairs,H.R. 257
H,Foreign Affairs,H.Res. 88
H,Foreign Affairs,H.Res. 27
H,Foreign Affairs,H.R. 391
H,Foreign Affairs,H.R. 769
H,Foreign Affairs,H.R. 672
H,Foreign Affairs,H.Res. 153
H,Foreign Affairs,H.Res. 145
H,Foreign Affairs,H.Res. 54
H,Foreign Affairs,H.R. 1191
H,Foreign Affairs,H.Con.Res. 15
H,Foreign Affairs,H.Con.Res. 4
H,Foreign Affairs,H.R. 566
H,Foreign Affairs,H.R. 332
H,Foreign Affairs,H.R. 545
H,Foreign Affairs,H.R. 495
H,Foreign Affairs,H.R. 903
H,Foreign Affairs,H.R. 390
H,Foreign Affairs,H.R. 534
H,Foreign Affairs,H.Res. 158
H,Foreign Affairs,H.Res. 104
H,Foreign Affairs,H.Res. 89
H,Foreign Affairs,H.Res. 85
H,Foreign Affairs,H.Res. 78
H,Foreign Affairs,H.Res. 68
H,Foreign Affairs,H.Res. 49
H,Foreign Affairs,H.Res. 23
H,Foreign Affairs,H.Res. 17
H,Foreign Affairs,H.Res. 18
H,Foreign Affairs,H.R. 789
H,Foreign Affairs,H.R. 373
H,Foreign Affairs,H.R. 264
H,Foreign Affairs,H.R. 263
H,Foreign Affairs,H.R. 1221
H,Foreign Affairs,H.R. 1299
H,Foreign Affairs,H.R. 1327
H,Foreign Affairs,H.R. 1295
H,Foreign Affairs,H.R. 802
H,Foreign Affairs,H.R. 671
H,Foreign Affairs,H.R. 311
H,Foreign Affairs,H.R. 249
H,Foreign Affairs,H.R. 265
H,Foreign Affairs,H.R. 570
H,Foreign Affairs,H.R. 157
H,Foreign Affairs,H.R. 162
H,Foreign Affairs,H.R. 535
H,Foreign Affairs,H.R. 525
H,Foreign Affairs,H.R. 466
H,Foreign Affairs,H.R. 351
H,Foreign Affairs,H.R. 463
H,Foreign Affairs,H.R. 379
H,Foreign Affairs,H.R. 442
H,Foreign Affairs,H.R. 1059
H,Foreign Affairs,H.R. 356
H,Foreign Affairs,H.R. 258
H,Foreign Affairs,H.R. 1137
H,Foreign Affairs,H.R. 1182
H,Foreign Affairs,H.R. 669
H,Foreign Affairs,H.R. 1075
H,Foreign Affairs,H.R. 920
H,Foreign Affairs,H.R. 921
H,Foreign Affairs,H.R. 837
H,Foreign Affairs,H.R. 722
H,Foreign Affairs,H.R. 724
H,Foreign Affairs,H.R. 735
H,Foreign Affairs,H.R. 530
H,Foreign Affairs,H.R. 1226
H,Foreign Affairs,H.Res. 92
H,Foreign Affairs,H.R. 1248
H,Foreign Affairs,H.R. 82
H,Foreign Affairs,H.R. 673
H,Foreign Affairs,H.R. 793
H,Foreign Affairs,H.R. 804
H,Foreign Affairs,H.Con.Res. 21
H,Foreign Affairs,H.R. 1229
H,Foreign Affairs,H.R. 1230
H,Foreign Affairs,H.R. 1164
H,Foreign Affairs,H.R. 917
H,Foreign Affairs,H.R. 779
H,Foreign Affairs,H.R. 733
H,Foreign Affairs,H.R. 478
H,Foreign Affairs,H.R. 580
H,Foreign Affairs,H.R. 120
H,Foreign Affairs,H.R. 193
H,Foreign Affairs,H.R. 327
H,Foreign Affairs,H.R. 48
H,Foreign Affairs,H.R. 808
H,Homeland Security,H.R. 526
H,Homeland Security,H.R. 347
H,Homeland Security,H.R. 665
H,Homeland Security,H.R. 687
H,Homeland Security,H.R. 58
H,Homeland Security,H.R. 612
H,Homeland Security,H.R. 690
H,Homeland Security,H.R. 697
H,Homeland Security,H.R. 366
H,Homeland Security,H.R. 505
H,Homeland Security,H.R. 584
H,Homeland Security,H.R. 549
H,Homeland Security,H.R. 678
H,Homeland Security,H.R. 240
H,Homeland Security,H.R. 655
H,Homeland Security,H.R. 437
H,Homeland Security,H.R. 642
H,Homeland Security,H.R. 666
H,Homeland Security,H.R. 677
H,Homeland Security,H.R. 239
H,Homeland Security,H.R. 1238
H,Homeland Security,H.R. 1196
H,Homeland Security,H.R. 876
H,Homeland Security,H.R. 1250
H,Homeland Security,H.R. 904
H,Homeland Security,H.R. 1302
H,Homeland Security,H.R. 1309
H,Homeland Security,H.R. 1347
H,Homeland Security,H.R. 1353
H,Homeland Security,H.R. 625
H,Homeland Security,H.R. 1351
H,Homeland Security,H.R. 1294
H,Homeland Security,H.R. 1282
H,Homeland Security,H.R. 1252
H,Homeland Security,H.R. 1249
H,Homeland Security,H.R. 1258
H,Homeland Security,H.R. 1344
H,Homeland Security,H.R. 1297
H,Homeland Security,H.R. 950
H,Homeland Security,H.R. 940
H,Homeland Security,H.R. 739
H,Homeland Security,H.R. 96
H,Homeland Security,H.R. 54
H,Homeland Security,H.R. 550
H,Homeland Security,H.R. 1125
H,Homeland Security,H.R. 1075
H,Homeland Security,H.R. 920
H,Homeland Security,H.R. 837
H,Homeland Security,H.R. 722
H,Homeland Security,H.R. 724
H,Homeland Security,H.R. 735
H,Homeland Security,H.R. 945
H,Homeland Security,H.R. 454
H,Homeland Security,H.R. 248
H,Homeland Security,H.R. 278
H,Homeland Security,H.R. 1006
H,Homeland Security,H.R. 59
H,Homeland Security,H.R. 935
H,Homeland Security,H.R. 923
H,Homeland Security,H.R. 554
H,Homeland Security,H.R. 22
H,Homeland Security,H.Res. 13
H,House Administration,H.Con.Res. 18
H,House Administration,H.R. 195
H,House Administration,H.R. 133
H,House Administration,H.R. 634
H,House Administration,H.Res. 82
H,House Administration,H.Res. 126
H,House Administration,H.Res. 125
H,House Administration,H.Res. 114
H,House Administration,H.Res. 119
H,House Administration,H.Res. 117
H,House Administration,H.Res. 122
H,House Administration,H.Res. 115
H,House Administration,H.Res. 112
H,House Administration,H.Res. 107
H,House Administration,H.Res. 101
H,House Administration,H.Res. 103
H,House Administration,H.Res. 96
H,House Administration,H.Res. 97
H,House Administration,H.Res. 106
H,House Administration,H.Res. 93
H,House Administration,H.Res. 86
H,House Administration,H.Res. 83
H,House Administration,H.Res. 81
H,House Administration,H.Res. 80
H,House Administration,H.Res. 76
H,House Administration,H.Res. 73
H,House Administration,H.Res. 62
H,House Administration,H.Con.Res. 8
H,House Administration,H.Con.Res. 7
H,House Administration,H.R. 1217
H,House Administration,H.Con.Res. 15
H,House Administration,H.R. 1341
H,House Administration,H.R. 536
H,House Administration,H.R. 528
H,House Administration,H.R. 1054
H,House Administration,H.R. 1228
H,House Administration,H.R. 842
H,House Administration,H.R. 667
H,House Administration,H.R. 1094
H,House Administration,H.R. 646
H,House Administration,H.R. 839
H,House Administration,H.R. 794
H,House Administration,H.R. 568
H,House Administration,H.R. 97
H,House Administration,H.R. 429
H,House Administration,H.R. 291
H,House Administration,H.R. 342
H,House Administration,H.R. 868
H,House Administration,H.R. 869
H,House Administration,H.R. 1022
H,House Administration,H.R. 593
H,House Administration,H.R. 796
H,House Administration,H.R. 145
H,House Administration,H.Res. 50
H,House Administration,H.R. 370
H,House Administration,H.R. 668
H,House Administration,H.R. 893
H,House Administration,H.R. 1270
H,House Administration,H.R. 537
H,House Administration,H.R. 1044
H,House Administration,H.R. 946
H,House Administration,H.R. 944
H,House Administration,H.R. 838
H,House Administration,H.R. 787
H,House Administration,H.R. 1134
H,House Administration,H.R. 658
H,House Administration,H.R. 652
H,House Administration,H.R. 607
H,House Administration,H.R. 571
H,House Administration,H.R. 384
H,House Administration,H.R. 322
H,House Administration,H.R. 320
H,House Administration,H.R. 319
H,House Administration,H.R. 126
H,House Administration,H.R. 20
H,House Administration,H.R. 307
H,House Administration,H.R. 499
H,House Administration,H.R. 352
H,House Administration,H.R. 397
H,House Administration,H.R. 175
H,House Administration,H.R. 277
H,House Administration,H.J.Res. 79
H,House Administration,H.J.Res. 80
H,House Administration,H.J.Res. 78
H,Intelligence,H.R. 608
H,Intelligence,H.Res. 153
H,Intelligence,H.Res. 17
H,Intelligence,H.Res. 18
H,Intelligence,H.R. 1030
H,Intelligence,H.R. 1062
H,Intelligence,H.R. 258
H,Intelligence,H.R. 1182
H,Intelligence,H.R. 1075
H,Intelligence,H.R. 722
H,Intelligence,H.R. 724
H,Intelligence,H.R. 735
H,Intelligence,H.R. 1248
H,Intelligence,H.R. 793
H,Intelligence,H.R. 804
H,Intelligence,H.R. 955
H,Intelligence,H.R. 330
H,Intelligence,H.R. 808
H,Intelligence,H.R. 923
H,Intelligence,H.R. 487
H,Intelligence,H.Res. 140
H,the Judiciary,H.R. 304
H,the Judiciary,H.R. 7
H,the Judiciary,H.R. 26
H,the Judiciary,H.R. 1033
H,the Judiciary,H.R. 387
H,the Judiciary,H.R. 21
H,the Judiciary,H.R. 1215
H,the Judiciary,H.J.Res. 40
H,the Judiciary,H.R. 339
H,the Judiciary,H.R. 5
H,the Judiciary,H.R. 998
H,the Judiciary,H.R. 1009
H,the Judiciary,H.R. 906
H,the Judiciary,H.R. 725
H,the Judiciary,S. 305
H,the Judiciary,H.Res. 111
H,the Judiciary,H.R. 372
H,the Judiciary,H.R. 720
H,the Judiciary,H.Con.Res. 13
H,the Judiciary,H.R. 620
H,the Judiciary,H.R. 1196
H,the Judiciary,H.R. 732
H,the Judiciary,H.R. 522
H,the Judiciary,H.R. 45
H,the Judiciary,H.R. 33
H,the Judiciary,H.R. 510
H,the Judiciary,H.Res. 16
H,the Judiciary,H.R. 788
H,the Judiciary,H.R. 830
H,the Judiciary,H.R. 1096
H,the Judiciary,H.R. 659
H,the Judiciary,H.R. 469
H,the Judiciary,H.R. 391
H,the Judiciary,H.R. 75
H,the Judiciary,H.R. 77
H,the Judiciary,H.R. 74
H,the Judiciary,H.R. 76
H,the Judiciary,H.R. 36
H,the Judiciary,H.R. 544
H,the Judiciary,H.Con.Res. 25
H,the Judiciary,H.Con.Res. 17
H,the Judiciary,H.Con.Res. 4
H,the Judiciary,H.Con.Res. 3
H,the Judiciary,H.R. 68
H,the Judiciary,H.R. 887
H,the Judiciary,H.R. 495
H,the Judiciary,H.R. 50
H,the Judiciary,H.R. 377
H,the Judiciary,H.Res. 120
H,the Judiciary,H.R. 1061
H,the Judiciary,H.R. 949
H,the Judiciary,H.R. 390
H,the Judiciary,H.R. 1292
H,the Judiciary,H.R. 976
H,the Judiciary,H.R. 843
H,the Judiciary,H.R. 613
H,the Judiciary,H.R. 878
H,the Judiciary,H.R. 1227
H,the Judiciary,H.R. 367
H,the Judiciary,H.R. 379
H,the Judiciary,H.R. 1062
H,the Judiciary,H.R. 1334
H,the Judiciary,H.R. 1342
H,the Judiciary,H.Res. 143
H,the Judiciary,H.Res. 144
H,the Judiciary,H.Res. 105
H,the Judiciary,H.Res. 102
H,the Judiciary,H.Res. 94
H,the Judiciary,H.R. 1170
H,the Judiciary,H.R. 1067
H,the Judiciary,H.R. 1303
H,the Judiciary,H.R. 1059
H,the Judiciary,H.R. 844
H,the Judiciary,H.R. 392
H,the Judiciary,H.R. 639
H,the Judiciary,H.R. 486
H,the Judiciary,H.R. 490
H,the Judiciary,H.R. 361
H,the Judiciary,H.R. 250
H,the Judiciary,H.R. 114
H,the Judiciary,H.R. 115
H,the Judiciary,H.R. 1125
H,the Judiciary,H.R. 1278
H,the Judiciary,H.R. 1263
H,the Judiciary,H.R. 1237
H,the Judiciary,H.R. 1236
H,the Judiciary,H.R. 985
H,the Judiciary,H.R. 1140
H,the Judiciary,H.R. 1076
H,the Judiciary,H.R. 1075
H,the Judiciary,H.R. 1014
H,the Judiciary,H.R. 920
H,the Judiciary,H.R. 921
H,the Judiciary,H.R. 858
H,the Judiciary,H.R. 832
H,the Judiciary,H.R. 837
H,the Judiciary,H.R. 810
H,the Judiciary,H.R. 722
H,the Judiciary,H.R. 724
H,the Judiciary,H.R. 735
H,Natural Resources,H.R. 689
H,Natural Resources,H.R. 494
H,Natural Resources,H.R. 558
H,Natural Resources,H.R. 381
H,Natural Resources,H.R. 688
H,Natural Resources,H.R. 660
H,Natural Resources,H.R. 835
H,Natural Resources,H.R. 362
H,Natural Resources,H.R. 228
H,Natural Resources,H.R. 699
H,Natural Resources,H.R. 374
H,Natural Resources,H.R. 1026
H,Natural Resources,H.R. 863
H,Natural Resources,H.J.Res. 69
H,Natural Resources,H.J.Res. 38
H,Natural Resources,H.J.Res. 44
H,Natural Resources,H.J.Res. 36
H,Natural Resources,H.R. 339
H,Natural Resources,H.R. 538
H,Natural Resources,H.J.Res. 3
H,Natural Resources,H.R. 698
H,Natural Resources,H.R. 618
H,Natural Resources,H.R. 46
H,Natural Resources,H.R. 1135
H,Natural Resources,H.R. 267
H,Natural Resources,H.R. 994
H,Natural Resources,H.R. 88
H,Natural Resources,H.R. 337
H,Natural Resources,H.R. 560
H,Natural Resources,H.R. 954
H,Natural Resources,H.R. 825
H,Natural Resources,H.R. 520
H,Natural Resources,H.Res. 110
H,Natural Resources,H.R. 1073
H,Natural Resources,H.R. 199
H,Natural Resources,H.R. 965
H,Natural Resources,H.R. 801
H,Natural Resources,H.R. 428
H,Natural Resources,H.R. 243
H,Natural Resources,H.R. 1281
H,Natural Resources,H.R. 210
H,Natural Resources,H.R. 232
H,Natural Resources,H.R. 200
H,Natural Resources,H.R. 132
H,Natural Resources,H.R. 928
H,Natural Resources,H.R. 23
H,Natural Resources,H.R. 179
H,Natural Resources,H.R. 424
H,Natural Resources,H.R. 943
H,Natural Resources,H.R. 984
H,Natural Resources,H.R. 873
H,Natural Resources,H.R. 227
H,Natural Resources,H.R. 497
H,Natural Resources,H.R. 904
H,Natural Resources,H.R. 1002
H,Natural Resources,H.R. 788
H,Natural Resources,H.R. 1274
H,Natural Resources,H.R. 1273
H,Natural Resources,H.R. 622
H,Natural Resources,H.R. 1107
H,Natural Resources,H.R. 513
H,Natural Resources,H.R. 401
H,Natural Resources,H.R. 1088
H,Natural Resources,H.R. 1085
H,Natural Resources,H.R. 169
H,Natural Resources,H.R. 1306
H,Natural Resources,H.R. 1308
H,Natural Resources,H.R. 1285
H,Natural Resources,H.R. 995
H,Natural Resources,H.R. 900
H,Natural Resources,H.R. 961
H,Natural Resources,H.R. 962
H,Natural Resources,H.R. 827
H,Natural Resources,H.R. 731
H,Natural Resources,H.R. 310
H,Natural Resources,H.R. 159
H,Natural Resources,H.R. 1349
H,Natural Resources,H.R. 1357
H,Natural Resources,H.R. 1330
H,Natural Resources,H.R. 1269
H,Natural Resources,H.R. 1247
H,Natural Resources,H.R. 1195
H,Natural Resources,H.R. 1106
H,Natural Resources,H.R. 875
H,Natural Resources,H.R. 847
H,Natural Resources,H.R. 857
H,Natural Resources,H.R. 763
H,Natural Resources,H.R. 648
H,Natural Resources,H.R. 597
H,Natural Resources,H.R. 348
H,Natural Resources,H.R. 260
H,Natural Resources,H.R. 226
H,Natural Resources,H.R. 220
H,Natural Resources,H.R. 225
H,Natural Resources,H.R. 224
H,Natural Resources,H.R. 222
H,Natural Resources,H.R. 221
H,Natural Resources,H.R. 212
H,Natural Resources,H.R. 502
H,Natural Resources,H.R. 49
H,Oversight and Government Reform,H.R. 624
H,Oversight and Government Reform,H.R. 657
H,Oversight and Government Reform,H.R. 72
H,Oversight and Government Reform,H.R. 702
H,Oversight and Government Reform,H.R. 274
H,Oversight and Government Reform,H.R. 1003
H,Oversight and Government Reform,H.J.Res. 27
H,Oversight and Government Reform,H.J.Res. 37
H,Oversight and Government Reform,H.R. 70
H,Oversight and Government Reform,H.R. 1004
H,Oversight and Government Reform,H.R. 679
H,Oversight and Government Reform,H.R. 5
H,Oversight and Government Reform,H.R. 69
H,Oversight and Government Reform,H.R. 71
H,Oversight and Government Reform,H.R. 998
H,Oversight and Government Reform,H.R. 1009
H,Oversight and Government Reform,H.R. 195
H,Oversight and Government Reform,H.R. 194
H,Oversight and Government Reform,H.R. 39
H,Oversight and Government Reform,H.R. 73
H,Oversight and Government Reform,H.R. 760
H,Oversight and Government Reform,H.R. 1242
H,Oversight and Government Reform,H.R. 24
H,Oversight and Government Reform,H.R. 756
H,Oversight and Government Reform,H.R. 638
H,Oversight and Government Reform,H.R. 336
H,Oversight and Government Reform,H.R. 653
H,Oversight and Government Reform,H.R. 1293
H,Oversight and Government Reform,H.R. 745
H,Oversight and Government Reform,H.R. 680
H,Oversight and Government Reform,H.R. 404
H,Oversight and Government Reform,H.R. 378
H,Oversight and Government Reform,H.R. 904
H,Oversight and Government Reform,H.R. 1065
H,Oversight and Government Reform,H.R. 294
H,Oversight and Government Reform,H.R. 75
H,Oversight and Government Reform,H.R. 576
H,Oversight and Government Reform,H.R. 1357
H,Oversight and Government Reform,H.R. 1247
H,Oversight and Government Reform,H.R. 1132
H,Oversight and Government Reform,H.R. 990
H,Oversight and Government Reform,H.R. 755
H,Oversight and Government Reform,H.R. 981
H,Oversight and Government Reform,H.R. 696
H,Oversight and Government Reform,H.R. 606
H,Oversight and Government Reform,H.R. 332
H,Oversight and Government Reform,H.R. 50
H,Oversight and Government Reform,H.R. 536
H,Oversight and Government Reform,H.R. 1339
H,Oversight and Government Reform,H.R. 1287
H,Oversight and Government Reform,H.R. 1272
H,Oversight and Government Reform,H.R. 1232
H,Oversight and Government Reform,H.R. 1209
H,Oversight and Government Reform,H.R. 1208
H,Oversight and Government Reform,H.R. 1210
H,Oversight and Government Reform,H.R. 1207
H,Oversight and Government Reform,H.R. 1211
H,Oversight and Government Reform,H.R. 826
H,Oversight and Government Reform,H.R. 768
H,Oversight and Government Reform,H.R. 1016
H,Oversight and Government Reform,H.R. 1001
H,Oversight and Government Reform,H.R. 970
H,Oversight and Government Reform,H.R. 841
H,Oversight and Government Reform,H.R. 559
H,Oversight and Government Reform,H.R. 396
H,Oversight and Government Reform,H.R. 567
H,Oversight and Government Reform,H.R. 153
H,Oversight and Government Reform,H.R. 152
H,Oversight and Government Reform,H.R. 452
H,Oversight and Government Reform,H.R. 978
H,Oversight and Government Reform,H.R. 1259
H,Oversight and Government Reform,H.R. 1340
H,Oversight and Government Reform,H.R. 1163
H,Oversight and Government Reform,H.R. 646
H,Oversight and Government Reform,H.R. 839
H,Oversight and Government Reform,H.R. 568
H,Oversight and Government Reform,H.R. 840
H,Oversight and Government Reform,H.R. 1076
H,Oversight and Government Reform,H.R. 921
H,Oversight and Government Reform,H.R. 1057
H,Oversight and Government Reform,H.R. 291
H,Oversight and Government Reform,H.R. 342
H,Oversight and Government Reform,H.R. 1305
H,Oversight and Government Reform,H.R. 371
H,Oversight and Government Reform,H.R. 1248
H,Oversight and Government Reform,H.R. 1291
H,Oversight and Government Reform,H.R. 942
H,Oversight and Government Reform,H.R. 1185
H,Oversight and Government Reform,H.R. 742
H,Oversight and Government Reform,H.R. 1022
H,Oversight and Government Reform,H.R. 595
H,Oversight and Government Reform,H.Res. 63
H,Oversight and Government Reform,H.R. 1316
H,Oversight and Government Reform,H.R. 1081
H,Oversight and Government Reform,H.R. 1111
H,Oversight and Government Reform,H.R. 1087
H,Oversight and Government Reform,H.R. 1086
H,Oversight and Government Reform,H.R. 964
H,Oversight and Government Reform,H.R. 305
H,Oversight and Government Reform,H.R. 803
H,Rules,H.R. 26
H,Rules,H.R. 21
H,Rules,H.Res. 156
H,Rules,H.Res. 150
H,Rules,H.Res. 123
H,Rules,H.Res. 116
H,Rules,H.Res. 99
H,Rules,H.Res. 91
H,Rules,H.Res. 74
H,Rules,H.Res. 71
H,Rules,H.Res. 70
H,Rules,H.Res. 55
H,Rules,H.Res. 48
H,Rules,H.Res. 40
H,Rules,H.Res. 33
H,Rules,H.Res. 22
H,Rules,H.Con.Res. 28
H,Rules,H.Con.Res. 14
H,Rules,H.R. 1065
H,Rules,H.Con.Res. 24
H,Rules,H.R. 50
H,Rules,H.R. 275
H,Rules,H.R. 978
H,Rules,H.R. 761
H,Rules,H.R. 1059
H,Rules,H.R. 818
H,Rules,H.R. 1291
H,Rules,H.R. 595
H,Rules,H.R. 916
H,Rules,H.R. 849
H,Rules,H.R. 850
H,Rules,H.R. 370
H,Rules,H.R. 893
H,Rules,H.R. 1326
H,Rules,H.R. 1172
H,Rules,H.R. 297
H,Rules,H.Res. 47
H,Rules,H.Res. 43
H,Rules,H.R. 1040
H,Rules,H.R. 29
H,Rules,H.R. 352
H,Rules,H.R. 397
H,Rules,H.R. 175
H,Rules,H.Res. 160
H,Rules,H.Res. 149
H,Rules,H.R. 277
H,Rules,H.J.Res. 75
H,Rules,H.Res. 42
H,Rules,H.R. 22
H,"Science, Space, and Technology",H.R. 255
H,"Science, Space, and Technology",S. 442
H,"Science, Space, and Technology",H.R. 589
H,"Science, Space, and Technology",H.R. 321
H,"Science, Space, and Technology",H.R. 590
H,"Science, Space, and Technology",H.R. 353
H,"Science, Space, and Technology",H.R. 1224
H,"Science, Space, and Technology",H.Con.Res. 26
H,"Science, Space, and Technology",H.Res. 44
H,"Science, Space, and Technology",H.R. 431
H,"Science, Space, and Technology",H.R. 1186
H,"Science, Space, and Technology",H.R. 312
H,"Science, Space, and Technology",H.R. 49
H,"Science, Space, and Technology",H.R. 1008
H,"Science, Space, and Technology",H.R. 1358
H,"Science, Space, and Technology",H.R. 845
H,"Science, Space, and Technology",H.R. 1159
H,"Science, Space, and Technology",H.R. 861
H,"Science, Space, and Technology",H.R. 1342
H,"Science, Space, and Technology",H.R. 870
H,"Science, Space, and Technology",H.R. 237
H,"Science, Space, and Technology",H.R. 794
H,"Science, Space, and Technology",H.R. 650
H,"Science, Space, and Technology",H.R. 301
H,"Science, Space, and Technology",H.R. 958
H,"Science, Space, and Technology",H.R. 777
H,"Science, Space, and Technology",H.R. 776
H,"Science, Space, and Technology",H.R. 703
H,"Science, Space, and Technology",H.R. 935
H,"Science, Space, and Technology",H.R. 923
H,"Science, Space, and Technology",H.R. 856
H,"Science, Space, and Technology",H.Res. 124
H,Small Business,H.R. 5
H,Small Business,H.R. 33
H,Small Business,H.R. 1186
H,Small Business,H.R. 251
H,Small Business,H.R. 1084
H,Small Business,H.R. 201
H,Transportation and Infrastructure,H.R. 588
H,Transportation and Infrastructure,H.R. 1174
H,Transportation and Infrastructure,H.R. 654
H,Transportation and Infrastructure,H.R. 58
H,Transportation and Infrastructure,H.R. 375
H,Transportation and Infrastructure,H.R. 953
H,Transportation and Infrastructure,H.R. 1214
H,Transportation and Infrastructure,H.R. 276
H,Transportation and Infrastructure,H.R. 1117
H,Transportation and Infrastructure,H.Res. 138
H,Transportation and Infrastructure,H.R. 619
H,Transportation and Infrastructure,H.R. 928
H,Transportation and Infrastructure,H.R. 468
H,Transportation and Infrastructure,H.R. 66
H,Transportation and Infrastructure,H.R. 233
H,Transportation and Infrastructure,H.R. 455
H,Transportation and Infrastructure,H.R. 911
H,Transportation and Infrastructure,H.R. 904
H,Transportation and Infrastructure,H.R. 833
H,Transportation and Infrastructure,H.R. 1217
H,Transportation and Infrastructure,H.R. 1154
H,Transportation and Infrastructure,H.R. 556
H,Transportation and Infrastructure,H.R. 1346
H,Transportation and Infrastructure,H.Res. 152
H,Transportation and Infrastructure,H.R. 458
H,Transportation and Infrastructure,H.R. 1019
H,Transportation and Infrastructure,H.Res. 170
H,Transportation and Infrastructure,H.R. 1261
H,Transportation and Infrastructure,H.R. 1344
H,Transportation and Infrastructure,H.R. 1105
H,Transportation and Infrastructure,H.R. 1265
H,Transportation and Infrastructure,H.R. 1266
H,Transportation and Infrastructure,H.R. 824
H,Transportation and Infrastructure,H.R. 1093
H,Transportation and Infrastructure,H.R. 738
H,Transportation and Infrastructure,H.R. 765
H,Transportation and Infrastructure,H.R. 100
H,Transportation and Infrastructure,H.R. 861
H,Transportation and Infrastructure,H.R. 637
H,Transportation and Infrastructure,H.R. 438
H,Transportation and Infrastructure,H.R. 1183
H,Transportation and Infrastructure,H.R. 973
H,Transportation and Infrastructure,H.R. 1054
H,Transportation and Infrastructure,H.R. 1140
H,Transportation and Infrastructure,H.R. 786
H,Transportation and Infrastructure,H.R. 168
H,Transportation and Infrastructure,H.Res. 159
H,Transportation and Infrastructure,H.R. 1179
H,Transportation and Infrastructure,H.R. 1045
H,Transportation and Infrastructure,H.R. 400
H,Transportation and Infrastructure,H.R. 868
H,Transportation and Infrastructure,H.R. 403
H,Transportation and Infrastructure,H.R. 364
H,Transportation and Infrastructure,H.R. 1233
H,Transportation and Infrastructure,H.R. 1087
H,Transportation and Infrastructure,H.R. 1028
H,Transportation and Infrastructure,H.R. 988
H,Transportation and Infrastructure,H.R. 891
H,Transportation and Infrastructure,H.R. 932
H,Transportation and Infrastructure,H.R. 598
H,Transportation and Infrastructure,H.R. 465
H,Transportation and Infrastructure,H.R. 234
H,Transportation and Infrastructure,H.R. 129
H,Transportation and Infrastructure,H.R. 89
H,Transportation and Infrastructure,H.R. 268
H,Transportation and Infrastructure,H.R. 127
H,Transportation and Infrastructure,H.R. 958
H,Transportation and Infrastructure,H.R. 683
H,Transportation and Infrastructure,H.R. 547
H,Transportation and Infrastructure,H.R. 554
H,Transportation and Infrastructure,H.R. 67
H,Transportation and Infrastructure,H.J.Res. 84
H,Transportation and Infrastructure,H.J.Res. 77
H,Veterans' Affairs,H.R. 974
H,Veterans' Affairs,H.R. 609
H,Veterans' Affairs,H.R. 244
H,Veterans' Affairs,H.R. 337
H,Veterans' Affairs,H.R. 27
H,Veterans' Affairs,H.R. 512
H,Veterans' Affairs,H.R. 1162
H,Veterans' Affairs,H.R. 28
H,Veterans' Affairs,H.R. 1131
H,Veterans' Affairs,H.R. 1005
H,Veterans' Affairs,H.R. 476
H,Veterans' Affairs,H.R. 1206
H,Veterans' Affairs,H.R. 411
H,Veterans' Affairs,H.R. 299
H,Veterans' Affairs,H.Con.Res. 22
H,Veterans' Affairs,H.R. 42
H,Veterans' Affairs,H.R. 578
H,Veterans' Affairs,H.R. 245
H,Veterans' Affairs,H.R. 1212
H,Veterans' Affairs,H.R. 874
H,Veterans' Affairs,H.R. 1112
H,Veterans' Affairs,H.R. 1058
H,Veterans' Affairs,H.R. 91
H,Veterans' Affairs,H.R. 1259
H,Veterans' Affairs,H.R. 918
H,Veterans' Affairs,H.R. 877
H,Veterans' Affairs,H.R. 1328
H,Veterans' Affairs,H.R. 1329
H,Veterans' Affairs,H.R. 1331
H,Veterans' Affairs,H.R. 1216
H,Veterans' Affairs,H.R. 1104
H,Veterans' Affairs,H.R. 1181
H,Veterans' Affairs,H.R. 1100
H,Veterans' Affairs,H.R. 1032
H,Veterans' Affairs,H.R. 888
H,Veterans' Affairs,H.R. 809
H,Veterans' Affairs,H.R. 1052
H,Veterans' Affairs,H.R. 629
H,Veterans' Affairs,H.R. 996
H,Veterans' Affairs,H.R. 971
H,Veterans' Affairs,H.R. 758
H,Veterans' Affairs,H.R. 369
H,Veterans' Affairs,H.R. 282
H,Veterans' Affairs,H.R. 418
H,Veterans' Affairs,H.R. 388
H,Veterans' Affairs,H.R. 93
H,Veterans' Affairs,H.R. 103
H,Veterans' Affairs,H.R. 107
H,Veterans' Affairs,H.R. 105
H,Veterans' Affairs,H.R. 104
H,Veterans' Affairs,H.R. 92
H,Veterans' Affairs,H.R. 154
H,Veterans' Affairs,H.R. 1133
H,Veterans' Affairs,H.R. 925
H,Veterans' Affairs,H.R. 907
H,Veterans' Affairs,H.R. 902
H,Veterans' Affairs,H.R. 1279
H,Veterans' Affairs,H.R. 1007
H,Veterans' Affairs,H.R. 897
H,Veterans' Affairs,H.R. 1063
H,Veterans' Affairs,H.R. 645
H,Veterans' Affairs,H.R. 632
H,Veterans' Affairs,H.R. 457
H,Veterans' Affairs,H.R. 90
H,Veterans' Affairs,H.R. 1359
H,Veterans' Affairs,H.R. 303
H,Veterans' Affairs,H.R. 611
H,Veterans' Affairs,H.R. 1254
H,Veterans' Affairs,H.R. 1152
H,Veterans' Affairs,H.R. 1066
H,Veterans' Affairs,H.R. 927
H,Veterans' Affairs,H.R. 980
H,Veterans' Affairs,H.R. 815
H,Veterans' Affairs,H.R. 814
H,Veterans' Affairs,H.R. 703
H,Veterans' Affairs,H.Res. 46
H,Veterans' Affairs,H.R. 1168
H,Veterans' Affairs,H.R. 467
H,Veterans' Affairs,H.R. 501
H,Veterans' Affairs,H.R. 1251
H,Veterans' Affairs,H.R. 293
H,Veterans' Affairs,H.R. 43
H,Veterans' Affairs,H.R. 94
H,Veterans' Affairs,H.R. 102
H,Veterans' Affairs,H.R. 101
H,Veterans' Affairs,H.R. 95
H,Veterans' Affairs,H.R. 106
H,Veterans' Affairs,H.R. 333
H,Veterans' Affairs,H.R. 334
H,Veterans' Affairs,H.R. 1064
H,Veterans' Affairs,H.R. 307
H,Veterans' Affairs,H.R. 63
H,Veterans' Affairs,H.R. 67
H,Veterans' Affairs,H.R. 856
H,Veterans' Affairs,H.R. 277
H,Ways and Means,H.R. 7
H,Ways and Means,H.J.Res. 42
H,Ways and Means,H.R. 70
H,Ways and Means,H.R. 133
H,Ways and Means,H.R. 439
H,Ways and Means,H.Con.Res. 14
H,Ways and Means,H.Con.Res. 10
H,Ways and Means,H.R. 1051
H,Ways and Means,H.R. 896
H,Ways and Means,H.R. 112
H,Ways and Means,H.R. 184
H,Ways and Means,H.R. 756
H,Ways and Means,H.R. 179
H,Ways and Means,H.R. 336
H,Ways and Means,H.R. 253
H,Ways and Means,H.Res. 132
H,Ways and Means,H.R. 830
H,Ways and Means,H.R. 519
H,Ways and Means,H.R. 422
H,Ways and Means,H.R. 1268
H,Ways and Means,H.R. 576
H,Ways and Means,H.R. 1201
H,Ways and Means,H.R. 885
H,Ways and Means,H.R. 1267
H,Ways and Means,H.R. 1090
H,Ways and Means,H.R. 1337
H,Ways and Means,H.R. 871
H,Ways and Means,H.R. 631
H,Ways and Means,H.R. 807
H,Ways and Means,H.R. 1317
H,Ways and Means,H.R. 1356
H,Ways and Means,H.R. 1013
H,Ways and Means,H.R. 1148
H,Ways and Means,H.R. 246
H,Ways and Means,H.R. 1284
H,Ways and Means,H.R. 1296
H,Ways and Means,H.R. 1205
H,Ways and Means,H.R. 1204
H,Ways and Means,H.R. 1200
H,Ways and Means,H.R. 367
H,Ways and Means,H.R. 960
H,Ways and Means,H.R. 721
H,Ways and Means,H.R. 662
H,Ways and Means,H.R. 442
H,Ways and Means,H.R. 1145
H,Ways and Means,H.R. 521
H,Ways and Means,H.R. 508
H,Ways and Means,H.R. 1059
H,Ways and Means,H.R. 198
H,Ways and Means,H.R. 1352
H,Ways and Means,H.R. 1280
H,Ways and Means,H.R. 1158
H,Ways and Means,H.R. 1137
H,Ways and Means,H.R. 795
H,Ways and Means,H.R. 798
H,Ways and Means,H.R. 1146
H,Ways and Means,H.R. 1069
H,Ways and Means,H.R. 922
H,Ways and Means,H.R. 947
H,Ways and Means,H.R. 840
H,Ways and Means,H.R. 822
H,Ways and Means,H.R. 823
H,Ways and Means,H.R. 821
H,Ways and Means,H.R. 1089
H,Ways and Means,H.R. 531
H,Ways and Means,H.R. 523
H,Ways and Means,H.R. 729
H,Ways and Means,H.R. 734
H,Ways and Means,H.R. 386
H,Ways and Means,H.R. 363
H,Ways and Means,H.R. 283
H,Ways and Means,H.R. 596
H,Ways and Means,H.R. 1361
H,Ways and Means,H.R. 340
H,Ways and Means,H.R. 341
H,Ways and Means,H.R. 109
H,Ways and Means,H.R. 110
H,Ways and Means,H.R. 168
H,Ways and Means,H.R. 108
H,Ways and Means,H.R. 930
H,Ways and Means,H.R. 1126
H,Ways and Means,H.R. 750
H,Ways and Means,H.R. 1057
H,Ways and Means,H.R. 747
H,Ways and Means,H.R. 855
H,Ways and Means,H.R. 500
H,Ways and Means,H.R. 1298
H,Ways and Means,H.R. 365
H,Ways and Means,H.R. 371
H,Ways and Means,H.R. 488
H,Ways and Means,H.R. 633
H,Ways and Means,H.R. 661
H,Ways and Means,H.R. 1234
H,Ways and Means,H.R. 1290
H,Ways and Means,H.R. 1015
H,Ways and Means,H.R. 410
H,Ways and Means,H.R. 1115
H,Ways and Means,H.R. 1150
H,Ways and Means,H.R. 1091
H,Ways and Means,H.R. 284
